username,email,password
EdgyM3m3L0rD1,userperson1@email.com,password
EdgyM3m3L0rD2,userperson2@email.com,password
EdgyM3m3L0rD3,userperson3@email.com,password
EdgyM3m3L0rD4,userperson4@email.com,password
EdgyM3m3L0rD5,userperson5@email.com,password
EdgyM3m3L0rD6,userperson6@email.com,password
EdgyM3m3L0rD7,userperson7@email.com,password
EdgyM3m3L0rD8,userperson8@email.com,password
EdgyM3m3L0rD9,userperson9@email.com,password
EdgyM3m3L0rD10,userperson10@email.com,password
EdgyM3m3L0rD11,userperson11@email.com,password
EdgyM3m3L0rD12,userperson12@email.com,password
EdgyM3m3L0rD13,userperson13@email.com,password
EdgyM3m3L0rD14,userperson14@email.com,password
EdgyM3m3L0rD15,userperson15@email.com,password
EdgyM3m3L0rD16,userperson16@email.com,password
EdgyM3m3L0rD17,userperson17@email.com,password
EdgyM3m3L0rD18,userperson18@email.com,password
EdgyM3m3L0rD19,userperson19@email.com,password
EdgyM3m3L0rD20,userperson20@email.com,password
EdgyM3m3L0rD21,userperson21@email.com,password
EdgyM3m3L0rD22,userperson22@email.com,password
EdgyM3m3L0rD23,userperson23@email.com,password
EdgyM3m3L0rD24,userperson24@email.com,password
EdgyM3m3L0rD25,userperson25@email.com,password
EdgyM3m3L0rD26,userperson26@email.com,password
EdgyM3m3L0rD27,userperson27@email.com,password
EdgyM3m3L0rD28,userperson28@email.com,password
EdgyM3m3L0rD29,userperson29@email.com,password
EdgyM3m3L0rD30,userperson30@email.com,password
EdgyM3m3L0rD31,userperson31@email.com,password
EdgyM3m3L0rD32,userperson32@email.com,password
EdgyM3m3L0rD33,userperson33@email.com,password
EdgyM3m3L0rD34,userperson34@email.com,password
EdgyM3m3L0rD35,userperson35@email.com,password
EdgyM3m3L0rD36,userperson36@email.com,password
EdgyM3m3L0rD37,userperson37@email.com,password
EdgyM3m3L0rD38,userperson38@email.com,password
EdgyM3m3L0rD39,userperson39@email.com,password
EdgyM3m3L0rD40,userperson40@email.com,password
EdgyM3m3L0rD41,userperson41@email.com,password
EdgyM3m3L0rD42,userperson42@email.com,password
EdgyM3m3L0rD43,userperson43@email.com,password
EdgyM3m3L0rD44,userperson44@email.com,password
EdgyM3m3L0rD45,userperson45@email.com,password
EdgyM3m3L0rD46,userperson46@email.com,password
EdgyM3m3L0rD47,userperson47@email.com,password
EdgyM3m3L0rD48,userperson48@email.com,password
EdgyM3m3L0rD49,userperson49@email.com,password
EdgyM3m3L0rD50,userperson50@email.com,password
EdgyM3m3L0rD51,userperson51@email.com,password
EdgyM3m3L0rD52,userperson52@email.com,password
EdgyM3m3L0rD53,userperson53@email.com,password
EdgyM3m3L0rD54,userperson54@email.com,password
EdgyM3m3L0rD55,userperson55@email.com,password
EdgyM3m3L0rD56,userperson56@email.com,password
EdgyM3m3L0rD57,userperson57@email.com,password
EdgyM3m3L0rD58,userperson58@email.com,password
EdgyM3m3L0rD59,userperson59@email.com,password
EdgyM3m3L0rD60,userperson60@email.com,password
EdgyM3m3L0rD61,userperson61@email.com,password
EdgyM3m3L0rD62,userperson62@email.com,password
EdgyM3m3L0rD63,userperson63@email.com,password
EdgyM3m3L0rD64,userperson64@email.com,password
EdgyM3m3L0rD65,userperson65@email.com,password
EdgyM3m3L0rD66,userperson66@email.com,password
EdgyM3m3L0rD67,userperson67@email.com,password
EdgyM3m3L0rD68,userperson68@email.com,password
EdgyM3m3L0rD69,userperson69@email.com,password
EdgyM3m3L0rD70,userperson70@email.com,password
EdgyM3m3L0rD71,userperson71@email.com,password
EdgyM3m3L0rD72,userperson72@email.com,password
EdgyM3m3L0rD73,userperson73@email.com,password
EdgyM3m3L0rD74,userperson74@email.com,password
EdgyM3m3L0rD75,userperson75@email.com,password
EdgyM3m3L0rD76,userperson76@email.com,password
EdgyM3m3L0rD77,userperson77@email.com,password
EdgyM3m3L0rD78,userperson78@email.com,password
EdgyM3m3L0rD79,userperson79@email.com,password
EdgyM3m3L0rD80,userperson80@email.com,password
EdgyM3m3L0rD81,userperson81@email.com,password
EdgyM3m3L0rD82,userperson82@email.com,password
EdgyM3m3L0rD83,userperson83@email.com,password
EdgyM3m3L0rD84,userperson84@email.com,password
EdgyM3m3L0rD85,userperson85@email.com,password
EdgyM3m3L0rD86,userperson86@email.com,password
EdgyM3m3L0rD87,userperson87@email.com,password
EdgyM3m3L0rD88,userperson88@email.com,password
EdgyM3m3L0rD89,userperson89@email.com,password
EdgyM3m3L0rD90,userperson90@email.com,password
EdgyM3m3L0rD91,userperson91@email.com,password
EdgyM3m3L0rD92,userperson92@email.com,password
EdgyM3m3L0rD93,userperson93@email.com,password
EdgyM3m3L0rD94,userperson94@email.com,password
EdgyM3m3L0rD95,userperson95@email.com,password
EdgyM3m3L0rD96,userperson96@email.com,password
EdgyM3m3L0rD97,userperson97@email.com,password
EdgyM3m3L0rD98,userperson98@email.com,password
EdgyM3m3L0rD99,userperson99@email.com,password
EdgyM3m3L0rD100,userperson100@email.com,password
EdgyM3m3L0rD101,userperson101@email.com,password
EdgyM3m3L0rD102,userperson102@email.com,password
EdgyM3m3L0rD103,userperson103@email.com,password
EdgyM3m3L0rD104,userperson104@email.com,password
EdgyM3m3L0rD105,userperson105@email.com,password
EdgyM3m3L0rD106,userperson106@email.com,password
EdgyM3m3L0rD107,userperson107@email.com,password
EdgyM3m3L0rD108,userperson108@email.com,password
EdgyM3m3L0rD109,userperson109@email.com,password
EdgyM3m3L0rD110,userperson110@email.com,password
EdgyM3m3L0rD111,userperson111@email.com,password
EdgyM3m3L0rD112,userperson112@email.com,password
EdgyM3m3L0rD113,userperson113@email.com,password
EdgyM3m3L0rD114,userperson114@email.com,password
EdgyM3m3L0rD115,userperson115@email.com,password
EdgyM3m3L0rD116,userperson116@email.com,password
EdgyM3m3L0rD117,userperson117@email.com,password
EdgyM3m3L0rD118,userperson118@email.com,password
EdgyM3m3L0rD119,userperson119@email.com,password
EdgyM3m3L0rD120,userperson120@email.com,password
EdgyM3m3L0rD121,userperson121@email.com,password
EdgyM3m3L0rD122,userperson122@email.com,password
EdgyM3m3L0rD123,userperson123@email.com,password
EdgyM3m3L0rD124,userperson124@email.com,password
EdgyM3m3L0rD125,userperson125@email.com,password
EdgyM3m3L0rD126,userperson126@email.com,password
EdgyM3m3L0rD127,userperson127@email.com,password
EdgyM3m3L0rD128,userperson128@email.com,password
EdgyM3m3L0rD129,userperson129@email.com,password
EdgyM3m3L0rD130,userperson130@email.com,password
EdgyM3m3L0rD131,userperson131@email.com,password
EdgyM3m3L0rD132,userperson132@email.com,password
EdgyM3m3L0rD133,userperson133@email.com,password
EdgyM3m3L0rD134,userperson134@email.com,password
EdgyM3m3L0rD135,userperson135@email.com,password
EdgyM3m3L0rD136,userperson136@email.com,password
EdgyM3m3L0rD137,userperson137@email.com,password
EdgyM3m3L0rD138,userperson138@email.com,password
EdgyM3m3L0rD139,userperson139@email.com,password
EdgyM3m3L0rD140,userperson140@email.com,password
EdgyM3m3L0rD141,userperson141@email.com,password
EdgyM3m3L0rD142,userperson142@email.com,password
EdgyM3m3L0rD143,userperson143@email.com,password
EdgyM3m3L0rD144,userperson144@email.com,password
EdgyM3m3L0rD145,userperson145@email.com,password
EdgyM3m3L0rD146,userperson146@email.com,password
EdgyM3m3L0rD147,userperson147@email.com,password
EdgyM3m3L0rD148,userperson148@email.com,password
EdgyM3m3L0rD149,userperson149@email.com,password
EdgyM3m3L0rD150,userperson150@email.com,password
EdgyM3m3L0rD151,userperson151@email.com,password
EdgyM3m3L0rD152,userperson152@email.com,password
EdgyM3m3L0rD153,userperson153@email.com,password
EdgyM3m3L0rD154,userperson154@email.com,password
EdgyM3m3L0rD155,userperson155@email.com,password
EdgyM3m3L0rD156,userperson156@email.com,password
EdgyM3m3L0rD157,userperson157@email.com,password
EdgyM3m3L0rD158,userperson158@email.com,password
EdgyM3m3L0rD159,userperson159@email.com,password
EdgyM3m3L0rD160,userperson160@email.com,password
EdgyM3m3L0rD161,userperson161@email.com,password
EdgyM3m3L0rD162,userperson162@email.com,password
EdgyM3m3L0rD163,userperson163@email.com,password
EdgyM3m3L0rD164,userperson164@email.com,password
EdgyM3m3L0rD165,userperson165@email.com,password
EdgyM3m3L0rD166,userperson166@email.com,password
EdgyM3m3L0rD167,userperson167@email.com,password
EdgyM3m3L0rD168,userperson168@email.com,password
EdgyM3m3L0rD169,userperson169@email.com,password
EdgyM3m3L0rD170,userperson170@email.com,password
EdgyM3m3L0rD171,userperson171@email.com,password
EdgyM3m3L0rD172,userperson172@email.com,password
EdgyM3m3L0rD173,userperson173@email.com,password
EdgyM3m3L0rD174,userperson174@email.com,password
EdgyM3m3L0rD175,userperson175@email.com,password
EdgyM3m3L0rD176,userperson176@email.com,password
EdgyM3m3L0rD177,userperson177@email.com,password
EdgyM3m3L0rD178,userperson178@email.com,password
EdgyM3m3L0rD179,userperson179@email.com,password
EdgyM3m3L0rD180,userperson180@email.com,password
EdgyM3m3L0rD181,userperson181@email.com,password
EdgyM3m3L0rD182,userperson182@email.com,password
EdgyM3m3L0rD183,userperson183@email.com,password
EdgyM3m3L0rD184,userperson184@email.com,password
EdgyM3m3L0rD185,userperson185@email.com,password
EdgyM3m3L0rD186,userperson186@email.com,password
EdgyM3m3L0rD187,userperson187@email.com,password
EdgyM3m3L0rD188,userperson188@email.com,password
EdgyM3m3L0rD189,userperson189@email.com,password
EdgyM3m3L0rD190,userperson190@email.com,password
EdgyM3m3L0rD191,userperson191@email.com,password
EdgyM3m3L0rD192,userperson192@email.com,password
EdgyM3m3L0rD193,userperson193@email.com,password
EdgyM3m3L0rD194,userperson194@email.com,password
EdgyM3m3L0rD195,userperson195@email.com,password
EdgyM3m3L0rD196,userperson196@email.com,password
EdgyM3m3L0rD197,userperson197@email.com,password
EdgyM3m3L0rD198,userperson198@email.com,password
EdgyM3m3L0rD199,userperson199@email.com,password
EdgyM3m3L0rD200,userperson200@email.com,password
EdgyM3m3L0rD201,userperson201@email.com,password
EdgyM3m3L0rD202,userperson202@email.com,password
EdgyM3m3L0rD203,userperson203@email.com,password
EdgyM3m3L0rD204,userperson204@email.com,password
EdgyM3m3L0rD205,userperson205@email.com,password
EdgyM3m3L0rD206,userperson206@email.com,password
EdgyM3m3L0rD207,userperson207@email.com,password
EdgyM3m3L0rD208,userperson208@email.com,password
EdgyM3m3L0rD209,userperson209@email.com,password
EdgyM3m3L0rD210,userperson210@email.com,password
EdgyM3m3L0rD211,userperson211@email.com,password
EdgyM3m3L0rD212,userperson212@email.com,password
EdgyM3m3L0rD213,userperson213@email.com,password
EdgyM3m3L0rD214,userperson214@email.com,password
EdgyM3m3L0rD215,userperson215@email.com,password
EdgyM3m3L0rD216,userperson216@email.com,password
EdgyM3m3L0rD217,userperson217@email.com,password
EdgyM3m3L0rD218,userperson218@email.com,password
EdgyM3m3L0rD219,userperson219@email.com,password
EdgyM3m3L0rD220,userperson220@email.com,password
EdgyM3m3L0rD221,userperson221@email.com,password
EdgyM3m3L0rD222,userperson222@email.com,password
EdgyM3m3L0rD223,userperson223@email.com,password
EdgyM3m3L0rD224,userperson224@email.com,password
EdgyM3m3L0rD225,userperson225@email.com,password
EdgyM3m3L0rD226,userperson226@email.com,password
EdgyM3m3L0rD227,userperson227@email.com,password
EdgyM3m3L0rD228,userperson228@email.com,password
EdgyM3m3L0rD229,userperson229@email.com,password
EdgyM3m3L0rD230,userperson230@email.com,password
EdgyM3m3L0rD231,userperson231@email.com,password
EdgyM3m3L0rD232,userperson232@email.com,password
EdgyM3m3L0rD233,userperson233@email.com,password
EdgyM3m3L0rD234,userperson234@email.com,password
EdgyM3m3L0rD235,userperson235@email.com,password
EdgyM3m3L0rD236,userperson236@email.com,password
EdgyM3m3L0rD237,userperson237@email.com,password
EdgyM3m3L0rD238,userperson238@email.com,password
EdgyM3m3L0rD239,userperson239@email.com,password
EdgyM3m3L0rD240,userperson240@email.com,password
EdgyM3m3L0rD241,userperson241@email.com,password
EdgyM3m3L0rD242,userperson242@email.com,password
EdgyM3m3L0rD243,userperson243@email.com,password
EdgyM3m3L0rD244,userperson244@email.com,password
EdgyM3m3L0rD245,userperson245@email.com,password
EdgyM3m3L0rD246,userperson246@email.com,password
EdgyM3m3L0rD247,userperson247@email.com,password
EdgyM3m3L0rD248,userperson248@email.com,password
EdgyM3m3L0rD249,userperson249@email.com,password
EdgyM3m3L0rD250,userperson250@email.com,password
EdgyM3m3L0rD251,userperson251@email.com,password
EdgyM3m3L0rD252,userperson252@email.com,password
EdgyM3m3L0rD253,userperson253@email.com,password
EdgyM3m3L0rD254,userperson254@email.com,password
EdgyM3m3L0rD255,userperson255@email.com,password
EdgyM3m3L0rD256,userperson256@email.com,password
EdgyM3m3L0rD257,userperson257@email.com,password
EdgyM3m3L0rD258,userperson258@email.com,password
EdgyM3m3L0rD259,userperson259@email.com,password
EdgyM3m3L0rD260,userperson260@email.com,password
EdgyM3m3L0rD261,userperson261@email.com,password
EdgyM3m3L0rD262,userperson262@email.com,password
EdgyM3m3L0rD263,userperson263@email.com,password
EdgyM3m3L0rD264,userperson264@email.com,password
EdgyM3m3L0rD265,userperson265@email.com,password
EdgyM3m3L0rD266,userperson266@email.com,password
EdgyM3m3L0rD267,userperson267@email.com,password
EdgyM3m3L0rD268,userperson268@email.com,password
EdgyM3m3L0rD269,userperson269@email.com,password
EdgyM3m3L0rD270,userperson270@email.com,password
EdgyM3m3L0rD271,userperson271@email.com,password
EdgyM3m3L0rD272,userperson272@email.com,password
EdgyM3m3L0rD273,userperson273@email.com,password
EdgyM3m3L0rD274,userperson274@email.com,password
EdgyM3m3L0rD275,userperson275@email.com,password
EdgyM3m3L0rD276,userperson276@email.com,password
EdgyM3m3L0rD277,userperson277@email.com,password
EdgyM3m3L0rD278,userperson278@email.com,password
EdgyM3m3L0rD279,userperson279@email.com,password
EdgyM3m3L0rD280,userperson280@email.com,password
EdgyM3m3L0rD281,userperson281@email.com,password
EdgyM3m3L0rD282,userperson282@email.com,password
EdgyM3m3L0rD283,userperson283@email.com,password
EdgyM3m3L0rD284,userperson284@email.com,password
EdgyM3m3L0rD285,userperson285@email.com,password
EdgyM3m3L0rD286,userperson286@email.com,password
EdgyM3m3L0rD287,userperson287@email.com,password
EdgyM3m3L0rD288,userperson288@email.com,password
EdgyM3m3L0rD289,userperson289@email.com,password
EdgyM3m3L0rD290,userperson290@email.com,password
EdgyM3m3L0rD291,userperson291@email.com,password
EdgyM3m3L0rD292,userperson292@email.com,password
EdgyM3m3L0rD293,userperson293@email.com,password
EdgyM3m3L0rD294,userperson294@email.com,password
EdgyM3m3L0rD295,userperson295@email.com,password
EdgyM3m3L0rD296,userperson296@email.com,password
EdgyM3m3L0rD297,userperson297@email.com,password
EdgyM3m3L0rD298,userperson298@email.com,password
EdgyM3m3L0rD299,userperson299@email.com,password
EdgyM3m3L0rD300,userperson300@email.com,password
EdgyM3m3L0rD301,userperson301@email.com,password
EdgyM3m3L0rD302,userperson302@email.com,password
EdgyM3m3L0rD303,userperson303@email.com,password
EdgyM3m3L0rD304,userperson304@email.com,password
EdgyM3m3L0rD305,userperson305@email.com,password
EdgyM3m3L0rD306,userperson306@email.com,password
EdgyM3m3L0rD307,userperson307@email.com,password
EdgyM3m3L0rD308,userperson308@email.com,password
EdgyM3m3L0rD309,userperson309@email.com,password
EdgyM3m3L0rD310,userperson310@email.com,password
EdgyM3m3L0rD311,userperson311@email.com,password
EdgyM3m3L0rD312,userperson312@email.com,password
EdgyM3m3L0rD313,userperson313@email.com,password
EdgyM3m3L0rD314,userperson314@email.com,password
EdgyM3m3L0rD315,userperson315@email.com,password
EdgyM3m3L0rD316,userperson316@email.com,password
EdgyM3m3L0rD317,userperson317@email.com,password
EdgyM3m3L0rD318,userperson318@email.com,password
EdgyM3m3L0rD319,userperson319@email.com,password
EdgyM3m3L0rD320,userperson320@email.com,password
EdgyM3m3L0rD321,userperson321@email.com,password
EdgyM3m3L0rD322,userperson322@email.com,password
EdgyM3m3L0rD323,userperson323@email.com,password
EdgyM3m3L0rD324,userperson324@email.com,password
EdgyM3m3L0rD325,userperson325@email.com,password
EdgyM3m3L0rD326,userperson326@email.com,password
EdgyM3m3L0rD327,userperson327@email.com,password
EdgyM3m3L0rD328,userperson328@email.com,password
EdgyM3m3L0rD329,userperson329@email.com,password
EdgyM3m3L0rD330,userperson330@email.com,password
EdgyM3m3L0rD331,userperson331@email.com,password
EdgyM3m3L0rD332,userperson332@email.com,password
EdgyM3m3L0rD333,userperson333@email.com,password
EdgyM3m3L0rD334,userperson334@email.com,password
EdgyM3m3L0rD335,userperson335@email.com,password
EdgyM3m3L0rD336,userperson336@email.com,password
EdgyM3m3L0rD337,userperson337@email.com,password
EdgyM3m3L0rD338,userperson338@email.com,password
EdgyM3m3L0rD339,userperson339@email.com,password
EdgyM3m3L0rD340,userperson340@email.com,password
EdgyM3m3L0rD341,userperson341@email.com,password
EdgyM3m3L0rD342,userperson342@email.com,password
EdgyM3m3L0rD343,userperson343@email.com,password
EdgyM3m3L0rD344,userperson344@email.com,password
EdgyM3m3L0rD345,userperson345@email.com,password
EdgyM3m3L0rD346,userperson346@email.com,password
EdgyM3m3L0rD347,userperson347@email.com,password
EdgyM3m3L0rD348,userperson348@email.com,password
EdgyM3m3L0rD349,userperson349@email.com,password
EdgyM3m3L0rD350,userperson350@email.com,password
EdgyM3m3L0rD351,userperson351@email.com,password
EdgyM3m3L0rD352,userperson352@email.com,password
EdgyM3m3L0rD353,userperson353@email.com,password
EdgyM3m3L0rD354,userperson354@email.com,password
EdgyM3m3L0rD355,userperson355@email.com,password
EdgyM3m3L0rD356,userperson356@email.com,password
EdgyM3m3L0rD357,userperson357@email.com,password
EdgyM3m3L0rD358,userperson358@email.com,password
EdgyM3m3L0rD359,userperson359@email.com,password
EdgyM3m3L0rD360,userperson360@email.com,password
EdgyM3m3L0rD361,userperson361@email.com,password
EdgyM3m3L0rD362,userperson362@email.com,password
EdgyM3m3L0rD363,userperson363@email.com,password
EdgyM3m3L0rD364,userperson364@email.com,password
EdgyM3m3L0rD365,userperson365@email.com,password
EdgyM3m3L0rD366,userperson366@email.com,password
EdgyM3m3L0rD367,userperson367@email.com,password
EdgyM3m3L0rD368,userperson368@email.com,password
EdgyM3m3L0rD369,userperson369@email.com,password
EdgyM3m3L0rD370,userperson370@email.com,password
EdgyM3m3L0rD371,userperson371@email.com,password
EdgyM3m3L0rD372,userperson372@email.com,password
EdgyM3m3L0rD373,userperson373@email.com,password
EdgyM3m3L0rD374,userperson374@email.com,password
EdgyM3m3L0rD375,userperson375@email.com,password
EdgyM3m3L0rD376,userperson376@email.com,password
EdgyM3m3L0rD377,userperson377@email.com,password
EdgyM3m3L0rD378,userperson378@email.com,password
EdgyM3m3L0rD379,userperson379@email.com,password
EdgyM3m3L0rD380,userperson380@email.com,password
EdgyM3m3L0rD381,userperson381@email.com,password
EdgyM3m3L0rD382,userperson382@email.com,password
EdgyM3m3L0rD383,userperson383@email.com,password
EdgyM3m3L0rD384,userperson384@email.com,password
EdgyM3m3L0rD385,userperson385@email.com,password
EdgyM3m3L0rD386,userperson386@email.com,password
EdgyM3m3L0rD387,userperson387@email.com,password
EdgyM3m3L0rD388,userperson388@email.com,password
EdgyM3m3L0rD389,userperson389@email.com,password
EdgyM3m3L0rD390,userperson390@email.com,password
EdgyM3m3L0rD391,userperson391@email.com,password
EdgyM3m3L0rD392,userperson392@email.com,password
EdgyM3m3L0rD393,userperson393@email.com,password
EdgyM3m3L0rD394,userperson394@email.com,password
EdgyM3m3L0rD395,userperson395@email.com,password
EdgyM3m3L0rD396,userperson396@email.com,password
EdgyM3m3L0rD397,userperson397@email.com,password
EdgyM3m3L0rD398,userperson398@email.com,password
EdgyM3m3L0rD399,userperson399@email.com,password
EdgyM3m3L0rD400,userperson400@email.com,password
EdgyM3m3L0rD401,userperson401@email.com,password
EdgyM3m3L0rD402,userperson402@email.com,password
EdgyM3m3L0rD403,userperson403@email.com,password
EdgyM3m3L0rD404,userperson404@email.com,password
EdgyM3m3L0rD405,userperson405@email.com,password
EdgyM3m3L0rD406,userperson406@email.com,password
EdgyM3m3L0rD407,userperson407@email.com,password
EdgyM3m3L0rD408,userperson408@email.com,password
EdgyM3m3L0rD409,userperson409@email.com,password
EdgyM3m3L0rD410,userperson410@email.com,password
EdgyM3m3L0rD411,userperson411@email.com,password
EdgyM3m3L0rD412,userperson412@email.com,password
EdgyM3m3L0rD413,userperson413@email.com,password
EdgyM3m3L0rD414,userperson414@email.com,password
EdgyM3m3L0rD415,userperson415@email.com,password
EdgyM3m3L0rD416,userperson416@email.com,password
EdgyM3m3L0rD417,userperson417@email.com,password
EdgyM3m3L0rD418,userperson418@email.com,password
EdgyM3m3L0rD419,userperson419@email.com,password
EdgyM3m3L0rD420,userperson420@email.com,password
EdgyM3m3L0rD421,userperson421@email.com,password
EdgyM3m3L0rD422,userperson422@email.com,password
EdgyM3m3L0rD423,userperson423@email.com,password
EdgyM3m3L0rD424,userperson424@email.com,password
EdgyM3m3L0rD425,userperson425@email.com,password
EdgyM3m3L0rD426,userperson426@email.com,password
EdgyM3m3L0rD427,userperson427@email.com,password
EdgyM3m3L0rD428,userperson428@email.com,password
EdgyM3m3L0rD429,userperson429@email.com,password
EdgyM3m3L0rD430,userperson430@email.com,password
EdgyM3m3L0rD431,userperson431@email.com,password
EdgyM3m3L0rD432,userperson432@email.com,password
EdgyM3m3L0rD433,userperson433@email.com,password
EdgyM3m3L0rD434,userperson434@email.com,password
EdgyM3m3L0rD435,userperson435@email.com,password
EdgyM3m3L0rD436,userperson436@email.com,password
EdgyM3m3L0rD437,userperson437@email.com,password
EdgyM3m3L0rD438,userperson438@email.com,password
EdgyM3m3L0rD439,userperson439@email.com,password
EdgyM3m3L0rD440,userperson440@email.com,password
EdgyM3m3L0rD441,userperson441@email.com,password
EdgyM3m3L0rD442,userperson442@email.com,password
EdgyM3m3L0rD443,userperson443@email.com,password
EdgyM3m3L0rD444,userperson444@email.com,password
EdgyM3m3L0rD445,userperson445@email.com,password
EdgyM3m3L0rD446,userperson446@email.com,password
EdgyM3m3L0rD447,userperson447@email.com,password
EdgyM3m3L0rD448,userperson448@email.com,password
EdgyM3m3L0rD449,userperson449@email.com,password
EdgyM3m3L0rD450,userperson450@email.com,password
EdgyM3m3L0rD451,userperson451@email.com,password
EdgyM3m3L0rD452,userperson452@email.com,password
EdgyM3m3L0rD453,userperson453@email.com,password
EdgyM3m3L0rD454,userperson454@email.com,password
EdgyM3m3L0rD455,userperson455@email.com,password
EdgyM3m3L0rD456,userperson456@email.com,password
EdgyM3m3L0rD457,userperson457@email.com,password
EdgyM3m3L0rD458,userperson458@email.com,password
EdgyM3m3L0rD459,userperson459@email.com,password
EdgyM3m3L0rD460,userperson460@email.com,password
EdgyM3m3L0rD461,userperson461@email.com,password
EdgyM3m3L0rD462,userperson462@email.com,password
EdgyM3m3L0rD463,userperson463@email.com,password
EdgyM3m3L0rD464,userperson464@email.com,password
EdgyM3m3L0rD465,userperson465@email.com,password
EdgyM3m3L0rD466,userperson466@email.com,password
EdgyM3m3L0rD467,userperson467@email.com,password
EdgyM3m3L0rD468,userperson468@email.com,password
EdgyM3m3L0rD469,userperson469@email.com,password
EdgyM3m3L0rD470,userperson470@email.com,password
EdgyM3m3L0rD471,userperson471@email.com,password
EdgyM3m3L0rD472,userperson472@email.com,password
EdgyM3m3L0rD473,userperson473@email.com,password
EdgyM3m3L0rD474,userperson474@email.com,password
EdgyM3m3L0rD475,userperson475@email.com,password
EdgyM3m3L0rD476,userperson476@email.com,password
EdgyM3m3L0rD477,userperson477@email.com,password
EdgyM3m3L0rD478,userperson478@email.com,password
EdgyM3m3L0rD479,userperson479@email.com,password
EdgyM3m3L0rD480,userperson480@email.com,password
EdgyM3m3L0rD481,userperson481@email.com,password
EdgyM3m3L0rD482,userperson482@email.com,password
EdgyM3m3L0rD483,userperson483@email.com,password
EdgyM3m3L0rD484,userperson484@email.com,password
EdgyM3m3L0rD485,userperson485@email.com,password
EdgyM3m3L0rD486,userperson486@email.com,password
EdgyM3m3L0rD487,userperson487@email.com,password
EdgyM3m3L0rD488,userperson488@email.com,password
EdgyM3m3L0rD489,userperson489@email.com,password
EdgyM3m3L0rD490,userperson490@email.com,password
EdgyM3m3L0rD491,userperson491@email.com,password
EdgyM3m3L0rD492,userperson492@email.com,password
EdgyM3m3L0rD493,userperson493@email.com,password
EdgyM3m3L0rD494,userperson494@email.com,password
EdgyM3m3L0rD495,userperson495@email.com,password
EdgyM3m3L0rD496,userperson496@email.com,password
EdgyM3m3L0rD497,userperson497@email.com,password
EdgyM3m3L0rD498,userperson498@email.com,password
EdgyM3m3L0rD499,userperson499@email.com,password
EdgyM3m3L0rD500,userperson500@email.com,password
EdgyM3m3L0rD501,userperson501@email.com,password
EdgyM3m3L0rD502,userperson502@email.com,password
EdgyM3m3L0rD503,userperson503@email.com,password
EdgyM3m3L0rD504,userperson504@email.com,password
EdgyM3m3L0rD505,userperson505@email.com,password
EdgyM3m3L0rD506,userperson506@email.com,password
EdgyM3m3L0rD507,userperson507@email.com,password
EdgyM3m3L0rD508,userperson508@email.com,password
EdgyM3m3L0rD509,userperson509@email.com,password
EdgyM3m3L0rD510,userperson510@email.com,password
EdgyM3m3L0rD511,userperson511@email.com,password
EdgyM3m3L0rD512,userperson512@email.com,password
EdgyM3m3L0rD513,userperson513@email.com,password
EdgyM3m3L0rD514,userperson514@email.com,password
EdgyM3m3L0rD515,userperson515@email.com,password
EdgyM3m3L0rD516,userperson516@email.com,password
EdgyM3m3L0rD517,userperson517@email.com,password
EdgyM3m3L0rD518,userperson518@email.com,password
EdgyM3m3L0rD519,userperson519@email.com,password
EdgyM3m3L0rD520,userperson520@email.com,password
EdgyM3m3L0rD521,userperson521@email.com,password
EdgyM3m3L0rD522,userperson522@email.com,password
EdgyM3m3L0rD523,userperson523@email.com,password
EdgyM3m3L0rD524,userperson524@email.com,password
EdgyM3m3L0rD525,userperson525@email.com,password
EdgyM3m3L0rD526,userperson526@email.com,password
EdgyM3m3L0rD527,userperson527@email.com,password
EdgyM3m3L0rD528,userperson528@email.com,password
EdgyM3m3L0rD529,userperson529@email.com,password
EdgyM3m3L0rD530,userperson530@email.com,password
EdgyM3m3L0rD531,userperson531@email.com,password
EdgyM3m3L0rD532,userperson532@email.com,password
EdgyM3m3L0rD533,userperson533@email.com,password
EdgyM3m3L0rD534,userperson534@email.com,password
EdgyM3m3L0rD535,userperson535@email.com,password
EdgyM3m3L0rD536,userperson536@email.com,password
EdgyM3m3L0rD537,userperson537@email.com,password
EdgyM3m3L0rD538,userperson538@email.com,password
EdgyM3m3L0rD539,userperson539@email.com,password
EdgyM3m3L0rD540,userperson540@email.com,password
EdgyM3m3L0rD541,userperson541@email.com,password
EdgyM3m3L0rD542,userperson542@email.com,password
EdgyM3m3L0rD543,userperson543@email.com,password
EdgyM3m3L0rD544,userperson544@email.com,password
EdgyM3m3L0rD545,userperson545@email.com,password
EdgyM3m3L0rD546,userperson546@email.com,password
EdgyM3m3L0rD547,userperson547@email.com,password
EdgyM3m3L0rD548,userperson548@email.com,password
EdgyM3m3L0rD549,userperson549@email.com,password
EdgyM3m3L0rD550,userperson550@email.com,password
EdgyM3m3L0rD551,userperson551@email.com,password
EdgyM3m3L0rD552,userperson552@email.com,password
EdgyM3m3L0rD553,userperson553@email.com,password
EdgyM3m3L0rD554,userperson554@email.com,password
EdgyM3m3L0rD555,userperson555@email.com,password
EdgyM3m3L0rD556,userperson556@email.com,password
EdgyM3m3L0rD557,userperson557@email.com,password
EdgyM3m3L0rD558,userperson558@email.com,password
EdgyM3m3L0rD559,userperson559@email.com,password
EdgyM3m3L0rD560,userperson560@email.com,password
EdgyM3m3L0rD561,userperson561@email.com,password
EdgyM3m3L0rD562,userperson562@email.com,password
EdgyM3m3L0rD563,userperson563@email.com,password
EdgyM3m3L0rD564,userperson564@email.com,password
EdgyM3m3L0rD565,userperson565@email.com,password
EdgyM3m3L0rD566,userperson566@email.com,password
EdgyM3m3L0rD567,userperson567@email.com,password
EdgyM3m3L0rD568,userperson568@email.com,password
EdgyM3m3L0rD569,userperson569@email.com,password
EdgyM3m3L0rD570,userperson570@email.com,password
EdgyM3m3L0rD571,userperson571@email.com,password
EdgyM3m3L0rD572,userperson572@email.com,password
EdgyM3m3L0rD573,userperson573@email.com,password
EdgyM3m3L0rD574,userperson574@email.com,password
EdgyM3m3L0rD575,userperson575@email.com,password
EdgyM3m3L0rD576,userperson576@email.com,password
EdgyM3m3L0rD577,userperson577@email.com,password
EdgyM3m3L0rD578,userperson578@email.com,password
EdgyM3m3L0rD579,userperson579@email.com,password
EdgyM3m3L0rD580,userperson580@email.com,password
EdgyM3m3L0rD581,userperson581@email.com,password
EdgyM3m3L0rD582,userperson582@email.com,password
EdgyM3m3L0rD583,userperson583@email.com,password
EdgyM3m3L0rD584,userperson584@email.com,password
EdgyM3m3L0rD585,userperson585@email.com,password
EdgyM3m3L0rD586,userperson586@email.com,password
EdgyM3m3L0rD587,userperson587@email.com,password
EdgyM3m3L0rD588,userperson588@email.com,password
EdgyM3m3L0rD589,userperson589@email.com,password
EdgyM3m3L0rD590,userperson590@email.com,password
EdgyM3m3L0rD591,userperson591@email.com,password
EdgyM3m3L0rD592,userperson592@email.com,password
EdgyM3m3L0rD593,userperson593@email.com,password
EdgyM3m3L0rD594,userperson594@email.com,password
EdgyM3m3L0rD595,userperson595@email.com,password
EdgyM3m3L0rD596,userperson596@email.com,password
EdgyM3m3L0rD597,userperson597@email.com,password
EdgyM3m3L0rD598,userperson598@email.com,password
EdgyM3m3L0rD599,userperson599@email.com,password
EdgyM3m3L0rD600,userperson600@email.com,password
EdgyM3m3L0rD601,userperson601@email.com,password
EdgyM3m3L0rD602,userperson602@email.com,password
EdgyM3m3L0rD603,userperson603@email.com,password
EdgyM3m3L0rD604,userperson604@email.com,password
EdgyM3m3L0rD605,userperson605@email.com,password
EdgyM3m3L0rD606,userperson606@email.com,password
EdgyM3m3L0rD607,userperson607@email.com,password
EdgyM3m3L0rD608,userperson608@email.com,password
EdgyM3m3L0rD609,userperson609@email.com,password
EdgyM3m3L0rD610,userperson610@email.com,password
EdgyM3m3L0rD611,userperson611@email.com,password
EdgyM3m3L0rD612,userperson612@email.com,password
EdgyM3m3L0rD613,userperson613@email.com,password
EdgyM3m3L0rD614,userperson614@email.com,password
EdgyM3m3L0rD615,userperson615@email.com,password
EdgyM3m3L0rD616,userperson616@email.com,password
EdgyM3m3L0rD617,userperson617@email.com,password
EdgyM3m3L0rD618,userperson618@email.com,password
EdgyM3m3L0rD619,userperson619@email.com,password
EdgyM3m3L0rD620,userperson620@email.com,password
EdgyM3m3L0rD621,userperson621@email.com,password
EdgyM3m3L0rD622,userperson622@email.com,password
EdgyM3m3L0rD623,userperson623@email.com,password
EdgyM3m3L0rD624,userperson624@email.com,password
EdgyM3m3L0rD625,userperson625@email.com,password
EdgyM3m3L0rD626,userperson626@email.com,password
EdgyM3m3L0rD627,userperson627@email.com,password
EdgyM3m3L0rD628,userperson628@email.com,password
EdgyM3m3L0rD629,userperson629@email.com,password
EdgyM3m3L0rD630,userperson630@email.com,password
EdgyM3m3L0rD631,userperson631@email.com,password
EdgyM3m3L0rD632,userperson632@email.com,password
EdgyM3m3L0rD633,userperson633@email.com,password
EdgyM3m3L0rD634,userperson634@email.com,password
EdgyM3m3L0rD635,userperson635@email.com,password
EdgyM3m3L0rD636,userperson636@email.com,password
EdgyM3m3L0rD637,userperson637@email.com,password
EdgyM3m3L0rD638,userperson638@email.com,password
EdgyM3m3L0rD639,userperson639@email.com,password
EdgyM3m3L0rD640,userperson640@email.com,password
EdgyM3m3L0rD641,userperson641@email.com,password
EdgyM3m3L0rD642,userperson642@email.com,password
EdgyM3m3L0rD643,userperson643@email.com,password
EdgyM3m3L0rD644,userperson644@email.com,password
EdgyM3m3L0rD645,userperson645@email.com,password
EdgyM3m3L0rD646,userperson646@email.com,password
EdgyM3m3L0rD647,userperson647@email.com,password
EdgyM3m3L0rD648,userperson648@email.com,password
EdgyM3m3L0rD649,userperson649@email.com,password
EdgyM3m3L0rD650,userperson650@email.com,password
EdgyM3m3L0rD651,userperson651@email.com,password
EdgyM3m3L0rD652,userperson652@email.com,password
EdgyM3m3L0rD653,userperson653@email.com,password
EdgyM3m3L0rD654,userperson654@email.com,password
EdgyM3m3L0rD655,userperson655@email.com,password
EdgyM3m3L0rD656,userperson656@email.com,password
EdgyM3m3L0rD657,userperson657@email.com,password
EdgyM3m3L0rD658,userperson658@email.com,password
EdgyM3m3L0rD659,userperson659@email.com,password
EdgyM3m3L0rD660,userperson660@email.com,password
EdgyM3m3L0rD661,userperson661@email.com,password
EdgyM3m3L0rD662,userperson662@email.com,password
EdgyM3m3L0rD663,userperson663@email.com,password
EdgyM3m3L0rD664,userperson664@email.com,password
EdgyM3m3L0rD665,userperson665@email.com,password
EdgyM3m3L0rD666,userperson666@email.com,password
EdgyM3m3L0rD667,userperson667@email.com,password
EdgyM3m3L0rD668,userperson668@email.com,password
EdgyM3m3L0rD669,userperson669@email.com,password
EdgyM3m3L0rD670,userperson670@email.com,password
EdgyM3m3L0rD671,userperson671@email.com,password
EdgyM3m3L0rD672,userperson672@email.com,password
EdgyM3m3L0rD673,userperson673@email.com,password
EdgyM3m3L0rD674,userperson674@email.com,password
EdgyM3m3L0rD675,userperson675@email.com,password
EdgyM3m3L0rD676,userperson676@email.com,password
EdgyM3m3L0rD677,userperson677@email.com,password
EdgyM3m3L0rD678,userperson678@email.com,password
EdgyM3m3L0rD679,userperson679@email.com,password
EdgyM3m3L0rD680,userperson680@email.com,password
EdgyM3m3L0rD681,userperson681@email.com,password
EdgyM3m3L0rD682,userperson682@email.com,password
EdgyM3m3L0rD683,userperson683@email.com,password
EdgyM3m3L0rD684,userperson684@email.com,password
EdgyM3m3L0rD685,userperson685@email.com,password
EdgyM3m3L0rD686,userperson686@email.com,password
EdgyM3m3L0rD687,userperson687@email.com,password
EdgyM3m3L0rD688,userperson688@email.com,password
EdgyM3m3L0rD689,userperson689@email.com,password
EdgyM3m3L0rD690,userperson690@email.com,password
EdgyM3m3L0rD691,userperson691@email.com,password
EdgyM3m3L0rD692,userperson692@email.com,password
EdgyM3m3L0rD693,userperson693@email.com,password
EdgyM3m3L0rD694,userperson694@email.com,password
EdgyM3m3L0rD695,userperson695@email.com,password
EdgyM3m3L0rD696,userperson696@email.com,password
EdgyM3m3L0rD697,userperson697@email.com,password
EdgyM3m3L0rD698,userperson698@email.com,password
EdgyM3m3L0rD699,userperson699@email.com,password
EdgyM3m3L0rD700,userperson700@email.com,password
EdgyM3m3L0rD701,userperson701@email.com,password
EdgyM3m3L0rD702,userperson702@email.com,password
EdgyM3m3L0rD703,userperson703@email.com,password
EdgyM3m3L0rD704,userperson704@email.com,password
EdgyM3m3L0rD705,userperson705@email.com,password
EdgyM3m3L0rD706,userperson706@email.com,password
EdgyM3m3L0rD707,userperson707@email.com,password
EdgyM3m3L0rD708,userperson708@email.com,password
EdgyM3m3L0rD709,userperson709@email.com,password
EdgyM3m3L0rD710,userperson710@email.com,password
EdgyM3m3L0rD711,userperson711@email.com,password
EdgyM3m3L0rD712,userperson712@email.com,password
EdgyM3m3L0rD713,userperson713@email.com,password
EdgyM3m3L0rD714,userperson714@email.com,password
EdgyM3m3L0rD715,userperson715@email.com,password
EdgyM3m3L0rD716,userperson716@email.com,password
EdgyM3m3L0rD717,userperson717@email.com,password
EdgyM3m3L0rD718,userperson718@email.com,password
EdgyM3m3L0rD719,userperson719@email.com,password
EdgyM3m3L0rD720,userperson720@email.com,password
EdgyM3m3L0rD721,userperson721@email.com,password
EdgyM3m3L0rD722,userperson722@email.com,password
EdgyM3m3L0rD723,userperson723@email.com,password
EdgyM3m3L0rD724,userperson724@email.com,password
EdgyM3m3L0rD725,userperson725@email.com,password
EdgyM3m3L0rD726,userperson726@email.com,password
EdgyM3m3L0rD727,userperson727@email.com,password
EdgyM3m3L0rD728,userperson728@email.com,password
EdgyM3m3L0rD729,userperson729@email.com,password
EdgyM3m3L0rD730,userperson730@email.com,password
EdgyM3m3L0rD731,userperson731@email.com,password
EdgyM3m3L0rD732,userperson732@email.com,password
EdgyM3m3L0rD733,userperson733@email.com,password
EdgyM3m3L0rD734,userperson734@email.com,password
EdgyM3m3L0rD735,userperson735@email.com,password
EdgyM3m3L0rD736,userperson736@email.com,password
EdgyM3m3L0rD737,userperson737@email.com,password
EdgyM3m3L0rD738,userperson738@email.com,password
EdgyM3m3L0rD739,userperson739@email.com,password
EdgyM3m3L0rD740,userperson740@email.com,password
EdgyM3m3L0rD741,userperson741@email.com,password
EdgyM3m3L0rD742,userperson742@email.com,password
EdgyM3m3L0rD743,userperson743@email.com,password
EdgyM3m3L0rD744,userperson744@email.com,password
EdgyM3m3L0rD745,userperson745@email.com,password
EdgyM3m3L0rD746,userperson746@email.com,password
EdgyM3m3L0rD747,userperson747@email.com,password
EdgyM3m3L0rD748,userperson748@email.com,password
EdgyM3m3L0rD749,userperson749@email.com,password
EdgyM3m3L0rD750,userperson750@email.com,password
EdgyM3m3L0rD751,userperson751@email.com,password
EdgyM3m3L0rD752,userperson752@email.com,password
EdgyM3m3L0rD753,userperson753@email.com,password
EdgyM3m3L0rD754,userperson754@email.com,password
EdgyM3m3L0rD755,userperson755@email.com,password
EdgyM3m3L0rD756,userperson756@email.com,password
EdgyM3m3L0rD757,userperson757@email.com,password
EdgyM3m3L0rD758,userperson758@email.com,password
EdgyM3m3L0rD759,userperson759@email.com,password
EdgyM3m3L0rD760,userperson760@email.com,password
EdgyM3m3L0rD761,userperson761@email.com,password
EdgyM3m3L0rD762,userperson762@email.com,password
EdgyM3m3L0rD763,userperson763@email.com,password
EdgyM3m3L0rD764,userperson764@email.com,password
EdgyM3m3L0rD765,userperson765@email.com,password
EdgyM3m3L0rD766,userperson766@email.com,password
EdgyM3m3L0rD767,userperson767@email.com,password
EdgyM3m3L0rD768,userperson768@email.com,password
EdgyM3m3L0rD769,userperson769@email.com,password
EdgyM3m3L0rD770,userperson770@email.com,password
EdgyM3m3L0rD771,userperson771@email.com,password
EdgyM3m3L0rD772,userperson772@email.com,password
EdgyM3m3L0rD773,userperson773@email.com,password
EdgyM3m3L0rD774,userperson774@email.com,password
EdgyM3m3L0rD775,userperson775@email.com,password
EdgyM3m3L0rD776,userperson776@email.com,password
EdgyM3m3L0rD777,userperson777@email.com,password
EdgyM3m3L0rD778,userperson778@email.com,password
EdgyM3m3L0rD779,userperson779@email.com,password
EdgyM3m3L0rD780,userperson780@email.com,password
EdgyM3m3L0rD781,userperson781@email.com,password
EdgyM3m3L0rD782,userperson782@email.com,password
EdgyM3m3L0rD783,userperson783@email.com,password
EdgyM3m3L0rD784,userperson784@email.com,password
EdgyM3m3L0rD785,userperson785@email.com,password
EdgyM3m3L0rD786,userperson786@email.com,password
EdgyM3m3L0rD787,userperson787@email.com,password
EdgyM3m3L0rD788,userperson788@email.com,password
EdgyM3m3L0rD789,userperson789@email.com,password
EdgyM3m3L0rD790,userperson790@email.com,password
EdgyM3m3L0rD791,userperson791@email.com,password
EdgyM3m3L0rD792,userperson792@email.com,password
EdgyM3m3L0rD793,userperson793@email.com,password
EdgyM3m3L0rD794,userperson794@email.com,password
EdgyM3m3L0rD795,userperson795@email.com,password
EdgyM3m3L0rD796,userperson796@email.com,password
EdgyM3m3L0rD797,userperson797@email.com,password
EdgyM3m3L0rD798,userperson798@email.com,password
EdgyM3m3L0rD799,userperson799@email.com,password
EdgyM3m3L0rD800,userperson800@email.com,password
EdgyM3m3L0rD801,userperson801@email.com,password
EdgyM3m3L0rD802,userperson802@email.com,password
EdgyM3m3L0rD803,userperson803@email.com,password
EdgyM3m3L0rD804,userperson804@email.com,password
EdgyM3m3L0rD805,userperson805@email.com,password
EdgyM3m3L0rD806,userperson806@email.com,password
EdgyM3m3L0rD807,userperson807@email.com,password
EdgyM3m3L0rD808,userperson808@email.com,password
EdgyM3m3L0rD809,userperson809@email.com,password
EdgyM3m3L0rD810,userperson810@email.com,password
EdgyM3m3L0rD811,userperson811@email.com,password
EdgyM3m3L0rD812,userperson812@email.com,password
EdgyM3m3L0rD813,userperson813@email.com,password
EdgyM3m3L0rD814,userperson814@email.com,password
EdgyM3m3L0rD815,userperson815@email.com,password
EdgyM3m3L0rD816,userperson816@email.com,password
EdgyM3m3L0rD817,userperson817@email.com,password
EdgyM3m3L0rD818,userperson818@email.com,password
EdgyM3m3L0rD819,userperson819@email.com,password
EdgyM3m3L0rD820,userperson820@email.com,password
EdgyM3m3L0rD821,userperson821@email.com,password
EdgyM3m3L0rD822,userperson822@email.com,password
EdgyM3m3L0rD823,userperson823@email.com,password
EdgyM3m3L0rD824,userperson824@email.com,password
EdgyM3m3L0rD825,userperson825@email.com,password
EdgyM3m3L0rD826,userperson826@email.com,password
EdgyM3m3L0rD827,userperson827@email.com,password
EdgyM3m3L0rD828,userperson828@email.com,password
EdgyM3m3L0rD829,userperson829@email.com,password
EdgyM3m3L0rD830,userperson830@email.com,password
EdgyM3m3L0rD831,userperson831@email.com,password
EdgyM3m3L0rD832,userperson832@email.com,password
EdgyM3m3L0rD833,userperson833@email.com,password
EdgyM3m3L0rD834,userperson834@email.com,password
EdgyM3m3L0rD835,userperson835@email.com,password
EdgyM3m3L0rD836,userperson836@email.com,password
EdgyM3m3L0rD837,userperson837@email.com,password
EdgyM3m3L0rD838,userperson838@email.com,password
EdgyM3m3L0rD839,userperson839@email.com,password
EdgyM3m3L0rD840,userperson840@email.com,password
EdgyM3m3L0rD841,userperson841@email.com,password
EdgyM3m3L0rD842,userperson842@email.com,password
EdgyM3m3L0rD843,userperson843@email.com,password
EdgyM3m3L0rD844,userperson844@email.com,password
EdgyM3m3L0rD845,userperson845@email.com,password
EdgyM3m3L0rD846,userperson846@email.com,password
EdgyM3m3L0rD847,userperson847@email.com,password
EdgyM3m3L0rD848,userperson848@email.com,password
EdgyM3m3L0rD849,userperson849@email.com,password
EdgyM3m3L0rD850,userperson850@email.com,password
EdgyM3m3L0rD851,userperson851@email.com,password
EdgyM3m3L0rD852,userperson852@email.com,password
EdgyM3m3L0rD853,userperson853@email.com,password
EdgyM3m3L0rD854,userperson854@email.com,password
EdgyM3m3L0rD855,userperson855@email.com,password
EdgyM3m3L0rD856,userperson856@email.com,password
EdgyM3m3L0rD857,userperson857@email.com,password
EdgyM3m3L0rD858,userperson858@email.com,password
EdgyM3m3L0rD859,userperson859@email.com,password
EdgyM3m3L0rD860,userperson860@email.com,password
EdgyM3m3L0rD861,userperson861@email.com,password
EdgyM3m3L0rD862,userperson862@email.com,password
EdgyM3m3L0rD863,userperson863@email.com,password
EdgyM3m3L0rD864,userperson864@email.com,password
EdgyM3m3L0rD865,userperson865@email.com,password
EdgyM3m3L0rD866,userperson866@email.com,password
EdgyM3m3L0rD867,userperson867@email.com,password
EdgyM3m3L0rD868,userperson868@email.com,password
EdgyM3m3L0rD869,userperson869@email.com,password
EdgyM3m3L0rD870,userperson870@email.com,password
EdgyM3m3L0rD871,userperson871@email.com,password
EdgyM3m3L0rD872,userperson872@email.com,password
EdgyM3m3L0rD873,userperson873@email.com,password
EdgyM3m3L0rD874,userperson874@email.com,password
EdgyM3m3L0rD875,userperson875@email.com,password
EdgyM3m3L0rD876,userperson876@email.com,password
EdgyM3m3L0rD877,userperson877@email.com,password
EdgyM3m3L0rD878,userperson878@email.com,password
EdgyM3m3L0rD879,userperson879@email.com,password
EdgyM3m3L0rD880,userperson880@email.com,password
EdgyM3m3L0rD881,userperson881@email.com,password
EdgyM3m3L0rD882,userperson882@email.com,password
EdgyM3m3L0rD883,userperson883@email.com,password
EdgyM3m3L0rD884,userperson884@email.com,password
EdgyM3m3L0rD885,userperson885@email.com,password
EdgyM3m3L0rD886,userperson886@email.com,password
EdgyM3m3L0rD887,userperson887@email.com,password
EdgyM3m3L0rD888,userperson888@email.com,password
EdgyM3m3L0rD889,userperson889@email.com,password
EdgyM3m3L0rD890,userperson890@email.com,password
EdgyM3m3L0rD891,userperson891@email.com,password
EdgyM3m3L0rD892,userperson892@email.com,password
EdgyM3m3L0rD893,userperson893@email.com,password
EdgyM3m3L0rD894,userperson894@email.com,password
EdgyM3m3L0rD895,userperson895@email.com,password
EdgyM3m3L0rD896,userperson896@email.com,password
EdgyM3m3L0rD897,userperson897@email.com,password
EdgyM3m3L0rD898,userperson898@email.com,password
EdgyM3m3L0rD899,userperson899@email.com,password
EdgyM3m3L0rD900,userperson900@email.com,password
EdgyM3m3L0rD901,userperson901@email.com,password
EdgyM3m3L0rD902,userperson902@email.com,password
EdgyM3m3L0rD903,userperson903@email.com,password
EdgyM3m3L0rD904,userperson904@email.com,password
EdgyM3m3L0rD905,userperson905@email.com,password
EdgyM3m3L0rD906,userperson906@email.com,password
EdgyM3m3L0rD907,userperson907@email.com,password
EdgyM3m3L0rD908,userperson908@email.com,password
EdgyM3m3L0rD909,userperson909@email.com,password
EdgyM3m3L0rD910,userperson910@email.com,password
EdgyM3m3L0rD911,userperson911@email.com,password
EdgyM3m3L0rD912,userperson912@email.com,password
EdgyM3m3L0rD913,userperson913@email.com,password
EdgyM3m3L0rD914,userperson914@email.com,password
EdgyM3m3L0rD915,userperson915@email.com,password
EdgyM3m3L0rD916,userperson916@email.com,password
EdgyM3m3L0rD917,userperson917@email.com,password
EdgyM3m3L0rD918,userperson918@email.com,password
EdgyM3m3L0rD919,userperson919@email.com,password
EdgyM3m3L0rD920,userperson920@email.com,password
EdgyM3m3L0rD921,userperson921@email.com,password
EdgyM3m3L0rD922,userperson922@email.com,password
EdgyM3m3L0rD923,userperson923@email.com,password
EdgyM3m3L0rD924,userperson924@email.com,password
EdgyM3m3L0rD925,userperson925@email.com,password
EdgyM3m3L0rD926,userperson926@email.com,password
EdgyM3m3L0rD927,userperson927@email.com,password
EdgyM3m3L0rD928,userperson928@email.com,password
EdgyM3m3L0rD929,userperson929@email.com,password
EdgyM3m3L0rD930,userperson930@email.com,password
EdgyM3m3L0rD931,userperson931@email.com,password
EdgyM3m3L0rD932,userperson932@email.com,password
EdgyM3m3L0rD933,userperson933@email.com,password
EdgyM3m3L0rD934,userperson934@email.com,password
EdgyM3m3L0rD935,userperson935@email.com,password
EdgyM3m3L0rD936,userperson936@email.com,password
EdgyM3m3L0rD937,userperson937@email.com,password
EdgyM3m3L0rD938,userperson938@email.com,password
EdgyM3m3L0rD939,userperson939@email.com,password
EdgyM3m3L0rD940,userperson940@email.com,password
EdgyM3m3L0rD941,userperson941@email.com,password
EdgyM3m3L0rD942,userperson942@email.com,password
EdgyM3m3L0rD943,userperson943@email.com,password
EdgyM3m3L0rD944,userperson944@email.com,password
EdgyM3m3L0rD945,userperson945@email.com,password
EdgyM3m3L0rD946,userperson946@email.com,password
EdgyM3m3L0rD947,userperson947@email.com,password
EdgyM3m3L0rD948,userperson948@email.com,password
EdgyM3m3L0rD949,userperson949@email.com,password
EdgyM3m3L0rD950,userperson950@email.com,password
EdgyM3m3L0rD951,userperson951@email.com,password
EdgyM3m3L0rD952,userperson952@email.com,password
EdgyM3m3L0rD953,userperson953@email.com,password
EdgyM3m3L0rD954,userperson954@email.com,password
EdgyM3m3L0rD955,userperson955@email.com,password
EdgyM3m3L0rD956,userperson956@email.com,password
EdgyM3m3L0rD957,userperson957@email.com,password
EdgyM3m3L0rD958,userperson958@email.com,password
EdgyM3m3L0rD959,userperson959@email.com,password
EdgyM3m3L0rD960,userperson960@email.com,password
EdgyM3m3L0rD961,userperson961@email.com,password
EdgyM3m3L0rD962,userperson962@email.com,password
EdgyM3m3L0rD963,userperson963@email.com,password
EdgyM3m3L0rD964,userperson964@email.com,password
EdgyM3m3L0rD965,userperson965@email.com,password
EdgyM3m3L0rD966,userperson966@email.com,password
EdgyM3m3L0rD967,userperson967@email.com,password
EdgyM3m3L0rD968,userperson968@email.com,password
EdgyM3m3L0rD969,userperson969@email.com,password
EdgyM3m3L0rD970,userperson970@email.com,password
EdgyM3m3L0rD971,userperson971@email.com,password
EdgyM3m3L0rD972,userperson972@email.com,password
EdgyM3m3L0rD973,userperson973@email.com,password
EdgyM3m3L0rD974,userperson974@email.com,password
EdgyM3m3L0rD975,userperson975@email.com,password
EdgyM3m3L0rD976,userperson976@email.com,password
EdgyM3m3L0rD977,userperson977@email.com,password
EdgyM3m3L0rD978,userperson978@email.com,password
EdgyM3m3L0rD979,userperson979@email.com,password
EdgyM3m3L0rD980,userperson980@email.com,password
EdgyM3m3L0rD981,userperson981@email.com,password
EdgyM3m3L0rD982,userperson982@email.com,password
EdgyM3m3L0rD983,userperson983@email.com,password
EdgyM3m3L0rD984,userperson984@email.com,password
EdgyM3m3L0rD985,userperson985@email.com,password
EdgyM3m3L0rD986,userperson986@email.com,password
EdgyM3m3L0rD987,userperson987@email.com,password
EdgyM3m3L0rD988,userperson988@email.com,password
EdgyM3m3L0rD989,userperson989@email.com,password
EdgyM3m3L0rD990,userperson990@email.com,password
EdgyM3m3L0rD991,userperson991@email.com,password
EdgyM3m3L0rD992,userperson992@email.com,password
EdgyM3m3L0rD993,userperson993@email.com,password
EdgyM3m3L0rD994,userperson994@email.com,password
EdgyM3m3L0rD995,userperson995@email.com,password
EdgyM3m3L0rD996,userperson996@email.com,password
EdgyM3m3L0rD997,userperson997@email.com,password
EdgyM3m3L0rD998,userperson998@email.com,password
EdgyM3m3L0rD999,userperson999@email.com,password
EdgyM3m3L0rD1000,userperson1000@email.com,password
EdgyM3m3L0rD1001,userperson1001@email.com,password
EdgyM3m3L0rD1002,userperson1002@email.com,password
EdgyM3m3L0rD1003,userperson1003@email.com,password
EdgyM3m3L0rD1004,userperson1004@email.com,password
EdgyM3m3L0rD1005,userperson1005@email.com,password
EdgyM3m3L0rD1006,userperson1006@email.com,password
EdgyM3m3L0rD1007,userperson1007@email.com,password
EdgyM3m3L0rD1008,userperson1008@email.com,password
EdgyM3m3L0rD1009,userperson1009@email.com,password
EdgyM3m3L0rD1010,userperson1010@email.com,password
EdgyM3m3L0rD1011,userperson1011@email.com,password
EdgyM3m3L0rD1012,userperson1012@email.com,password
EdgyM3m3L0rD1013,userperson1013@email.com,password
EdgyM3m3L0rD1014,userperson1014@email.com,password
EdgyM3m3L0rD1015,userperson1015@email.com,password
EdgyM3m3L0rD1016,userperson1016@email.com,password
EdgyM3m3L0rD1017,userperson1017@email.com,password
EdgyM3m3L0rD1018,userperson1018@email.com,password
EdgyM3m3L0rD1019,userperson1019@email.com,password
EdgyM3m3L0rD1020,userperson1020@email.com,password
EdgyM3m3L0rD1021,userperson1021@email.com,password
EdgyM3m3L0rD1022,userperson1022@email.com,password
EdgyM3m3L0rD1023,userperson1023@email.com,password
EdgyM3m3L0rD1024,userperson1024@email.com,password
EdgyM3m3L0rD1025,userperson1025@email.com,password
EdgyM3m3L0rD1026,userperson1026@email.com,password
EdgyM3m3L0rD1027,userperson1027@email.com,password
EdgyM3m3L0rD1028,userperson1028@email.com,password
EdgyM3m3L0rD1029,userperson1029@email.com,password
EdgyM3m3L0rD1030,userperson1030@email.com,password
EdgyM3m3L0rD1031,userperson1031@email.com,password
EdgyM3m3L0rD1032,userperson1032@email.com,password
EdgyM3m3L0rD1033,userperson1033@email.com,password
EdgyM3m3L0rD1034,userperson1034@email.com,password
EdgyM3m3L0rD1035,userperson1035@email.com,password
EdgyM3m3L0rD1036,userperson1036@email.com,password
EdgyM3m3L0rD1037,userperson1037@email.com,password
EdgyM3m3L0rD1038,userperson1038@email.com,password
EdgyM3m3L0rD1039,userperson1039@email.com,password
EdgyM3m3L0rD1040,userperson1040@email.com,password
EdgyM3m3L0rD1041,userperson1041@email.com,password
EdgyM3m3L0rD1042,userperson1042@email.com,password
EdgyM3m3L0rD1043,userperson1043@email.com,password
EdgyM3m3L0rD1044,userperson1044@email.com,password
EdgyM3m3L0rD1045,userperson1045@email.com,password
EdgyM3m3L0rD1046,userperson1046@email.com,password
EdgyM3m3L0rD1047,userperson1047@email.com,password
EdgyM3m3L0rD1048,userperson1048@email.com,password
EdgyM3m3L0rD1049,userperson1049@email.com,password
EdgyM3m3L0rD1050,userperson1050@email.com,password
EdgyM3m3L0rD1051,userperson1051@email.com,password
EdgyM3m3L0rD1052,userperson1052@email.com,password
EdgyM3m3L0rD1053,userperson1053@email.com,password
EdgyM3m3L0rD1054,userperson1054@email.com,password
EdgyM3m3L0rD1055,userperson1055@email.com,password
EdgyM3m3L0rD1056,userperson1056@email.com,password
EdgyM3m3L0rD1057,userperson1057@email.com,password
EdgyM3m3L0rD1058,userperson1058@email.com,password
EdgyM3m3L0rD1059,userperson1059@email.com,password
EdgyM3m3L0rD1060,userperson1060@email.com,password
EdgyM3m3L0rD1061,userperson1061@email.com,password
EdgyM3m3L0rD1062,userperson1062@email.com,password
EdgyM3m3L0rD1063,userperson1063@email.com,password
EdgyM3m3L0rD1064,userperson1064@email.com,password
EdgyM3m3L0rD1065,userperson1065@email.com,password
EdgyM3m3L0rD1066,userperson1066@email.com,password
EdgyM3m3L0rD1067,userperson1067@email.com,password
EdgyM3m3L0rD1068,userperson1068@email.com,password
EdgyM3m3L0rD1069,userperson1069@email.com,password
EdgyM3m3L0rD1070,userperson1070@email.com,password
EdgyM3m3L0rD1071,userperson1071@email.com,password
EdgyM3m3L0rD1072,userperson1072@email.com,password
EdgyM3m3L0rD1073,userperson1073@email.com,password
EdgyM3m3L0rD1074,userperson1074@email.com,password
EdgyM3m3L0rD1075,userperson1075@email.com,password
EdgyM3m3L0rD1076,userperson1076@email.com,password
EdgyM3m3L0rD1077,userperson1077@email.com,password
EdgyM3m3L0rD1078,userperson1078@email.com,password
EdgyM3m3L0rD1079,userperson1079@email.com,password
EdgyM3m3L0rD1080,userperson1080@email.com,password
EdgyM3m3L0rD1081,userperson1081@email.com,password
EdgyM3m3L0rD1082,userperson1082@email.com,password
EdgyM3m3L0rD1083,userperson1083@email.com,password
EdgyM3m3L0rD1084,userperson1084@email.com,password
EdgyM3m3L0rD1085,userperson1085@email.com,password
EdgyM3m3L0rD1086,userperson1086@email.com,password
EdgyM3m3L0rD1087,userperson1087@email.com,password
EdgyM3m3L0rD1088,userperson1088@email.com,password
EdgyM3m3L0rD1089,userperson1089@email.com,password
EdgyM3m3L0rD1090,userperson1090@email.com,password
EdgyM3m3L0rD1091,userperson1091@email.com,password
EdgyM3m3L0rD1092,userperson1092@email.com,password
EdgyM3m3L0rD1093,userperson1093@email.com,password
EdgyM3m3L0rD1094,userperson1094@email.com,password
EdgyM3m3L0rD1095,userperson1095@email.com,password
EdgyM3m3L0rD1096,userperson1096@email.com,password
EdgyM3m3L0rD1097,userperson1097@email.com,password
EdgyM3m3L0rD1098,userperson1098@email.com,password
EdgyM3m3L0rD1099,userperson1099@email.com,password
EdgyM3m3L0rD1100,userperson1100@email.com,password
EdgyM3m3L0rD1101,userperson1101@email.com,password
EdgyM3m3L0rD1102,userperson1102@email.com,password
EdgyM3m3L0rD1103,userperson1103@email.com,password
EdgyM3m3L0rD1104,userperson1104@email.com,password
EdgyM3m3L0rD1105,userperson1105@email.com,password
EdgyM3m3L0rD1106,userperson1106@email.com,password
EdgyM3m3L0rD1107,userperson1107@email.com,password
EdgyM3m3L0rD1108,userperson1108@email.com,password
EdgyM3m3L0rD1109,userperson1109@email.com,password
EdgyM3m3L0rD1110,userperson1110@email.com,password
EdgyM3m3L0rD1111,userperson1111@email.com,password
EdgyM3m3L0rD1112,userperson1112@email.com,password
EdgyM3m3L0rD1113,userperson1113@email.com,password
EdgyM3m3L0rD1114,userperson1114@email.com,password
EdgyM3m3L0rD1115,userperson1115@email.com,password
EdgyM3m3L0rD1116,userperson1116@email.com,password
EdgyM3m3L0rD1117,userperson1117@email.com,password
EdgyM3m3L0rD1118,userperson1118@email.com,password
EdgyM3m3L0rD1119,userperson1119@email.com,password
EdgyM3m3L0rD1120,userperson1120@email.com,password
EdgyM3m3L0rD1121,userperson1121@email.com,password
EdgyM3m3L0rD1122,userperson1122@email.com,password
EdgyM3m3L0rD1123,userperson1123@email.com,password
EdgyM3m3L0rD1124,userperson1124@email.com,password
EdgyM3m3L0rD1125,userperson1125@email.com,password
EdgyM3m3L0rD1126,userperson1126@email.com,password
EdgyM3m3L0rD1127,userperson1127@email.com,password
EdgyM3m3L0rD1128,userperson1128@email.com,password
EdgyM3m3L0rD1129,userperson1129@email.com,password
EdgyM3m3L0rD1130,userperson1130@email.com,password
EdgyM3m3L0rD1131,userperson1131@email.com,password
EdgyM3m3L0rD1132,userperson1132@email.com,password
EdgyM3m3L0rD1133,userperson1133@email.com,password
EdgyM3m3L0rD1134,userperson1134@email.com,password
EdgyM3m3L0rD1135,userperson1135@email.com,password
EdgyM3m3L0rD1136,userperson1136@email.com,password
EdgyM3m3L0rD1137,userperson1137@email.com,password
EdgyM3m3L0rD1138,userperson1138@email.com,password
EdgyM3m3L0rD1139,userperson1139@email.com,password
EdgyM3m3L0rD1140,userperson1140@email.com,password
EdgyM3m3L0rD1141,userperson1141@email.com,password
EdgyM3m3L0rD1142,userperson1142@email.com,password
EdgyM3m3L0rD1143,userperson1143@email.com,password
EdgyM3m3L0rD1144,userperson1144@email.com,password
EdgyM3m3L0rD1145,userperson1145@email.com,password
EdgyM3m3L0rD1146,userperson1146@email.com,password
EdgyM3m3L0rD1147,userperson1147@email.com,password
EdgyM3m3L0rD1148,userperson1148@email.com,password
EdgyM3m3L0rD1149,userperson1149@email.com,password
EdgyM3m3L0rD1150,userperson1150@email.com,password
EdgyM3m3L0rD1151,userperson1151@email.com,password
EdgyM3m3L0rD1152,userperson1152@email.com,password
EdgyM3m3L0rD1153,userperson1153@email.com,password
EdgyM3m3L0rD1154,userperson1154@email.com,password
EdgyM3m3L0rD1155,userperson1155@email.com,password
EdgyM3m3L0rD1156,userperson1156@email.com,password
EdgyM3m3L0rD1157,userperson1157@email.com,password
EdgyM3m3L0rD1158,userperson1158@email.com,password
EdgyM3m3L0rD1159,userperson1159@email.com,password
EdgyM3m3L0rD1160,userperson1160@email.com,password
EdgyM3m3L0rD1161,userperson1161@email.com,password
EdgyM3m3L0rD1162,userperson1162@email.com,password
EdgyM3m3L0rD1163,userperson1163@email.com,password
EdgyM3m3L0rD1164,userperson1164@email.com,password
EdgyM3m3L0rD1165,userperson1165@email.com,password
EdgyM3m3L0rD1166,userperson1166@email.com,password
EdgyM3m3L0rD1167,userperson1167@email.com,password
EdgyM3m3L0rD1168,userperson1168@email.com,password
EdgyM3m3L0rD1169,userperson1169@email.com,password
EdgyM3m3L0rD1170,userperson1170@email.com,password
EdgyM3m3L0rD1171,userperson1171@email.com,password
EdgyM3m3L0rD1172,userperson1172@email.com,password
EdgyM3m3L0rD1173,userperson1173@email.com,password
EdgyM3m3L0rD1174,userperson1174@email.com,password
EdgyM3m3L0rD1175,userperson1175@email.com,password
EdgyM3m3L0rD1176,userperson1176@email.com,password
EdgyM3m3L0rD1177,userperson1177@email.com,password
EdgyM3m3L0rD1178,userperson1178@email.com,password
EdgyM3m3L0rD1179,userperson1179@email.com,password
EdgyM3m3L0rD1180,userperson1180@email.com,password
EdgyM3m3L0rD1181,userperson1181@email.com,password
EdgyM3m3L0rD1182,userperson1182@email.com,password
EdgyM3m3L0rD1183,userperson1183@email.com,password
EdgyM3m3L0rD1184,userperson1184@email.com,password
EdgyM3m3L0rD1185,userperson1185@email.com,password
EdgyM3m3L0rD1186,userperson1186@email.com,password
EdgyM3m3L0rD1187,userperson1187@email.com,password
EdgyM3m3L0rD1188,userperson1188@email.com,password
EdgyM3m3L0rD1189,userperson1189@email.com,password
EdgyM3m3L0rD1190,userperson1190@email.com,password
EdgyM3m3L0rD1191,userperson1191@email.com,password
EdgyM3m3L0rD1192,userperson1192@email.com,password
EdgyM3m3L0rD1193,userperson1193@email.com,password
EdgyM3m3L0rD1194,userperson1194@email.com,password
EdgyM3m3L0rD1195,userperson1195@email.com,password
EdgyM3m3L0rD1196,userperson1196@email.com,password
EdgyM3m3L0rD1197,userperson1197@email.com,password
EdgyM3m3L0rD1198,userperson1198@email.com,password
EdgyM3m3L0rD1199,userperson1199@email.com,password
EdgyM3m3L0rD1200,userperson1200@email.com,password
EdgyM3m3L0rD1201,userperson1201@email.com,password
EdgyM3m3L0rD1202,userperson1202@email.com,password
EdgyM3m3L0rD1203,userperson1203@email.com,password
EdgyM3m3L0rD1204,userperson1204@email.com,password
EdgyM3m3L0rD1205,userperson1205@email.com,password
EdgyM3m3L0rD1206,userperson1206@email.com,password
EdgyM3m3L0rD1207,userperson1207@email.com,password
EdgyM3m3L0rD1208,userperson1208@email.com,password
EdgyM3m3L0rD1209,userperson1209@email.com,password
EdgyM3m3L0rD1210,userperson1210@email.com,password
EdgyM3m3L0rD1211,userperson1211@email.com,password
EdgyM3m3L0rD1212,userperson1212@email.com,password
EdgyM3m3L0rD1213,userperson1213@email.com,password
EdgyM3m3L0rD1214,userperson1214@email.com,password
EdgyM3m3L0rD1215,userperson1215@email.com,password
EdgyM3m3L0rD1216,userperson1216@email.com,password
EdgyM3m3L0rD1217,userperson1217@email.com,password
EdgyM3m3L0rD1218,userperson1218@email.com,password
EdgyM3m3L0rD1219,userperson1219@email.com,password
EdgyM3m3L0rD1220,userperson1220@email.com,password
EdgyM3m3L0rD1221,userperson1221@email.com,password
EdgyM3m3L0rD1222,userperson1222@email.com,password
EdgyM3m3L0rD1223,userperson1223@email.com,password
EdgyM3m3L0rD1224,userperson1224@email.com,password
EdgyM3m3L0rD1225,userperson1225@email.com,password
EdgyM3m3L0rD1226,userperson1226@email.com,password
EdgyM3m3L0rD1227,userperson1227@email.com,password
EdgyM3m3L0rD1228,userperson1228@email.com,password
EdgyM3m3L0rD1229,userperson1229@email.com,password
EdgyM3m3L0rD1230,userperson1230@email.com,password
EdgyM3m3L0rD1231,userperson1231@email.com,password
EdgyM3m3L0rD1232,userperson1232@email.com,password
EdgyM3m3L0rD1233,userperson1233@email.com,password
EdgyM3m3L0rD1234,userperson1234@email.com,password
EdgyM3m3L0rD1235,userperson1235@email.com,password
EdgyM3m3L0rD1236,userperson1236@email.com,password
EdgyM3m3L0rD1237,userperson1237@email.com,password
EdgyM3m3L0rD1238,userperson1238@email.com,password
EdgyM3m3L0rD1239,userperson1239@email.com,password
EdgyM3m3L0rD1240,userperson1240@email.com,password
EdgyM3m3L0rD1241,userperson1241@email.com,password
EdgyM3m3L0rD1242,userperson1242@email.com,password
EdgyM3m3L0rD1243,userperson1243@email.com,password
EdgyM3m3L0rD1244,userperson1244@email.com,password
EdgyM3m3L0rD1245,userperson1245@email.com,password
EdgyM3m3L0rD1246,userperson1246@email.com,password
EdgyM3m3L0rD1247,userperson1247@email.com,password
EdgyM3m3L0rD1248,userperson1248@email.com,password
EdgyM3m3L0rD1249,userperson1249@email.com,password
EdgyM3m3L0rD1250,userperson1250@email.com,password
EdgyM3m3L0rD1251,userperson1251@email.com,password
EdgyM3m3L0rD1252,userperson1252@email.com,password
EdgyM3m3L0rD1253,userperson1253@email.com,password
EdgyM3m3L0rD1254,userperson1254@email.com,password
EdgyM3m3L0rD1255,userperson1255@email.com,password
EdgyM3m3L0rD1256,userperson1256@email.com,password
EdgyM3m3L0rD1257,userperson1257@email.com,password
EdgyM3m3L0rD1258,userperson1258@email.com,password
EdgyM3m3L0rD1259,userperson1259@email.com,password
EdgyM3m3L0rD1260,userperson1260@email.com,password
EdgyM3m3L0rD1261,userperson1261@email.com,password
EdgyM3m3L0rD1262,userperson1262@email.com,password
EdgyM3m3L0rD1263,userperson1263@email.com,password
EdgyM3m3L0rD1264,userperson1264@email.com,password
EdgyM3m3L0rD1265,userperson1265@email.com,password
EdgyM3m3L0rD1266,userperson1266@email.com,password
EdgyM3m3L0rD1267,userperson1267@email.com,password
EdgyM3m3L0rD1268,userperson1268@email.com,password
EdgyM3m3L0rD1269,userperson1269@email.com,password
EdgyM3m3L0rD1270,userperson1270@email.com,password
EdgyM3m3L0rD1271,userperson1271@email.com,password
EdgyM3m3L0rD1272,userperson1272@email.com,password
EdgyM3m3L0rD1273,userperson1273@email.com,password
EdgyM3m3L0rD1274,userperson1274@email.com,password
EdgyM3m3L0rD1275,userperson1275@email.com,password
EdgyM3m3L0rD1276,userperson1276@email.com,password
EdgyM3m3L0rD1277,userperson1277@email.com,password
EdgyM3m3L0rD1278,userperson1278@email.com,password
EdgyM3m3L0rD1279,userperson1279@email.com,password
EdgyM3m3L0rD1280,userperson1280@email.com,password
EdgyM3m3L0rD1281,userperson1281@email.com,password
EdgyM3m3L0rD1282,userperson1282@email.com,password
EdgyM3m3L0rD1283,userperson1283@email.com,password
EdgyM3m3L0rD1284,userperson1284@email.com,password
EdgyM3m3L0rD1285,userperson1285@email.com,password
EdgyM3m3L0rD1286,userperson1286@email.com,password
EdgyM3m3L0rD1287,userperson1287@email.com,password
EdgyM3m3L0rD1288,userperson1288@email.com,password
EdgyM3m3L0rD1289,userperson1289@email.com,password
EdgyM3m3L0rD1290,userperson1290@email.com,password
EdgyM3m3L0rD1291,userperson1291@email.com,password
EdgyM3m3L0rD1292,userperson1292@email.com,password
EdgyM3m3L0rD1293,userperson1293@email.com,password
EdgyM3m3L0rD1294,userperson1294@email.com,password
EdgyM3m3L0rD1295,userperson1295@email.com,password
EdgyM3m3L0rD1296,userperson1296@email.com,password
EdgyM3m3L0rD1297,userperson1297@email.com,password
EdgyM3m3L0rD1298,userperson1298@email.com,password
EdgyM3m3L0rD1299,userperson1299@email.com,password
EdgyM3m3L0rD1300,userperson1300@email.com,password
EdgyM3m3L0rD1301,userperson1301@email.com,password
EdgyM3m3L0rD1302,userperson1302@email.com,password
EdgyM3m3L0rD1303,userperson1303@email.com,password
EdgyM3m3L0rD1304,userperson1304@email.com,password
EdgyM3m3L0rD1305,userperson1305@email.com,password
EdgyM3m3L0rD1306,userperson1306@email.com,password
EdgyM3m3L0rD1307,userperson1307@email.com,password
EdgyM3m3L0rD1308,userperson1308@email.com,password
EdgyM3m3L0rD1309,userperson1309@email.com,password
EdgyM3m3L0rD1310,userperson1310@email.com,password
EdgyM3m3L0rD1311,userperson1311@email.com,password
EdgyM3m3L0rD1312,userperson1312@email.com,password
EdgyM3m3L0rD1313,userperson1313@email.com,password
EdgyM3m3L0rD1314,userperson1314@email.com,password
EdgyM3m3L0rD1315,userperson1315@email.com,password
EdgyM3m3L0rD1316,userperson1316@email.com,password
EdgyM3m3L0rD1317,userperson1317@email.com,password
EdgyM3m3L0rD1318,userperson1318@email.com,password
EdgyM3m3L0rD1319,userperson1319@email.com,password
EdgyM3m3L0rD1320,userperson1320@email.com,password
EdgyM3m3L0rD1321,userperson1321@email.com,password
EdgyM3m3L0rD1322,userperson1322@email.com,password
EdgyM3m3L0rD1323,userperson1323@email.com,password
EdgyM3m3L0rD1324,userperson1324@email.com,password
EdgyM3m3L0rD1325,userperson1325@email.com,password
EdgyM3m3L0rD1326,userperson1326@email.com,password
EdgyM3m3L0rD1327,userperson1327@email.com,password
EdgyM3m3L0rD1328,userperson1328@email.com,password
EdgyM3m3L0rD1329,userperson1329@email.com,password
EdgyM3m3L0rD1330,userperson1330@email.com,password
EdgyM3m3L0rD1331,userperson1331@email.com,password
EdgyM3m3L0rD1332,userperson1332@email.com,password
EdgyM3m3L0rD1333,userperson1333@email.com,password
EdgyM3m3L0rD1334,userperson1334@email.com,password
EdgyM3m3L0rD1335,userperson1335@email.com,password
EdgyM3m3L0rD1336,userperson1336@email.com,password
EdgyM3m3L0rD1337,userperson1337@email.com,password
EdgyM3m3L0rD1338,userperson1338@email.com,password
EdgyM3m3L0rD1339,userperson1339@email.com,password
EdgyM3m3L0rD1340,userperson1340@email.com,password
EdgyM3m3L0rD1341,userperson1341@email.com,password
EdgyM3m3L0rD1342,userperson1342@email.com,password
EdgyM3m3L0rD1343,userperson1343@email.com,password
EdgyM3m3L0rD1344,userperson1344@email.com,password
EdgyM3m3L0rD1345,userperson1345@email.com,password
EdgyM3m3L0rD1346,userperson1346@email.com,password
EdgyM3m3L0rD1347,userperson1347@email.com,password
EdgyM3m3L0rD1348,userperson1348@email.com,password
EdgyM3m3L0rD1349,userperson1349@email.com,password
EdgyM3m3L0rD1350,userperson1350@email.com,password
EdgyM3m3L0rD1351,userperson1351@email.com,password
EdgyM3m3L0rD1352,userperson1352@email.com,password
EdgyM3m3L0rD1353,userperson1353@email.com,password
EdgyM3m3L0rD1354,userperson1354@email.com,password
EdgyM3m3L0rD1355,userperson1355@email.com,password
EdgyM3m3L0rD1356,userperson1356@email.com,password
EdgyM3m3L0rD1357,userperson1357@email.com,password
EdgyM3m3L0rD1358,userperson1358@email.com,password
EdgyM3m3L0rD1359,userperson1359@email.com,password
EdgyM3m3L0rD1360,userperson1360@email.com,password
EdgyM3m3L0rD1361,userperson1361@email.com,password
EdgyM3m3L0rD1362,userperson1362@email.com,password
EdgyM3m3L0rD1363,userperson1363@email.com,password
EdgyM3m3L0rD1364,userperson1364@email.com,password
EdgyM3m3L0rD1365,userperson1365@email.com,password
EdgyM3m3L0rD1366,userperson1366@email.com,password
EdgyM3m3L0rD1367,userperson1367@email.com,password
EdgyM3m3L0rD1368,userperson1368@email.com,password
EdgyM3m3L0rD1369,userperson1369@email.com,password
EdgyM3m3L0rD1370,userperson1370@email.com,password
EdgyM3m3L0rD1371,userperson1371@email.com,password
EdgyM3m3L0rD1372,userperson1372@email.com,password
EdgyM3m3L0rD1373,userperson1373@email.com,password
EdgyM3m3L0rD1374,userperson1374@email.com,password
EdgyM3m3L0rD1375,userperson1375@email.com,password
EdgyM3m3L0rD1376,userperson1376@email.com,password
EdgyM3m3L0rD1377,userperson1377@email.com,password
EdgyM3m3L0rD1378,userperson1378@email.com,password
EdgyM3m3L0rD1379,userperson1379@email.com,password
EdgyM3m3L0rD1380,userperson1380@email.com,password
EdgyM3m3L0rD1381,userperson1381@email.com,password
EdgyM3m3L0rD1382,userperson1382@email.com,password
EdgyM3m3L0rD1383,userperson1383@email.com,password
EdgyM3m3L0rD1384,userperson1384@email.com,password
EdgyM3m3L0rD1385,userperson1385@email.com,password
EdgyM3m3L0rD1386,userperson1386@email.com,password
EdgyM3m3L0rD1387,userperson1387@email.com,password
EdgyM3m3L0rD1388,userperson1388@email.com,password
EdgyM3m3L0rD1389,userperson1389@email.com,password
EdgyM3m3L0rD1390,userperson1390@email.com,password
EdgyM3m3L0rD1391,userperson1391@email.com,password
EdgyM3m3L0rD1392,userperson1392@email.com,password
EdgyM3m3L0rD1393,userperson1393@email.com,password
EdgyM3m3L0rD1394,userperson1394@email.com,password
EdgyM3m3L0rD1395,userperson1395@email.com,password
EdgyM3m3L0rD1396,userperson1396@email.com,password
EdgyM3m3L0rD1397,userperson1397@email.com,password
EdgyM3m3L0rD1398,userperson1398@email.com,password
EdgyM3m3L0rD1399,userperson1399@email.com,password
EdgyM3m3L0rD1400,userperson1400@email.com,password
EdgyM3m3L0rD1401,userperson1401@email.com,password
EdgyM3m3L0rD1402,userperson1402@email.com,password
EdgyM3m3L0rD1403,userperson1403@email.com,password
EdgyM3m3L0rD1404,userperson1404@email.com,password
EdgyM3m3L0rD1405,userperson1405@email.com,password
EdgyM3m3L0rD1406,userperson1406@email.com,password
EdgyM3m3L0rD1407,userperson1407@email.com,password
EdgyM3m3L0rD1408,userperson1408@email.com,password
EdgyM3m3L0rD1409,userperson1409@email.com,password
EdgyM3m3L0rD1410,userperson1410@email.com,password
EdgyM3m3L0rD1411,userperson1411@email.com,password
EdgyM3m3L0rD1412,userperson1412@email.com,password
EdgyM3m3L0rD1413,userperson1413@email.com,password
EdgyM3m3L0rD1414,userperson1414@email.com,password
EdgyM3m3L0rD1415,userperson1415@email.com,password
EdgyM3m3L0rD1416,userperson1416@email.com,password
EdgyM3m3L0rD1417,userperson1417@email.com,password
EdgyM3m3L0rD1418,userperson1418@email.com,password
EdgyM3m3L0rD1419,userperson1419@email.com,password
EdgyM3m3L0rD1420,userperson1420@email.com,password
EdgyM3m3L0rD1421,userperson1421@email.com,password
EdgyM3m3L0rD1422,userperson1422@email.com,password
EdgyM3m3L0rD1423,userperson1423@email.com,password
EdgyM3m3L0rD1424,userperson1424@email.com,password
EdgyM3m3L0rD1425,userperson1425@email.com,password
EdgyM3m3L0rD1426,userperson1426@email.com,password
EdgyM3m3L0rD1427,userperson1427@email.com,password
EdgyM3m3L0rD1428,userperson1428@email.com,password
EdgyM3m3L0rD1429,userperson1429@email.com,password
EdgyM3m3L0rD1430,userperson1430@email.com,password
EdgyM3m3L0rD1431,userperson1431@email.com,password
EdgyM3m3L0rD1432,userperson1432@email.com,password
EdgyM3m3L0rD1433,userperson1433@email.com,password
EdgyM3m3L0rD1434,userperson1434@email.com,password
EdgyM3m3L0rD1435,userperson1435@email.com,password
EdgyM3m3L0rD1436,userperson1436@email.com,password
EdgyM3m3L0rD1437,userperson1437@email.com,password
EdgyM3m3L0rD1438,userperson1438@email.com,password
EdgyM3m3L0rD1439,userperson1439@email.com,password
EdgyM3m3L0rD1440,userperson1440@email.com,password
EdgyM3m3L0rD1441,userperson1441@email.com,password
EdgyM3m3L0rD1442,userperson1442@email.com,password
EdgyM3m3L0rD1443,userperson1443@email.com,password
EdgyM3m3L0rD1444,userperson1444@email.com,password
EdgyM3m3L0rD1445,userperson1445@email.com,password
EdgyM3m3L0rD1446,userperson1446@email.com,password
EdgyM3m3L0rD1447,userperson1447@email.com,password
EdgyM3m3L0rD1448,userperson1448@email.com,password
EdgyM3m3L0rD1449,userperson1449@email.com,password
EdgyM3m3L0rD1450,userperson1450@email.com,password
EdgyM3m3L0rD1451,userperson1451@email.com,password
EdgyM3m3L0rD1452,userperson1452@email.com,password
EdgyM3m3L0rD1453,userperson1453@email.com,password
EdgyM3m3L0rD1454,userperson1454@email.com,password
EdgyM3m3L0rD1455,userperson1455@email.com,password
EdgyM3m3L0rD1456,userperson1456@email.com,password
EdgyM3m3L0rD1457,userperson1457@email.com,password
EdgyM3m3L0rD1458,userperson1458@email.com,password
EdgyM3m3L0rD1459,userperson1459@email.com,password
EdgyM3m3L0rD1460,userperson1460@email.com,password
EdgyM3m3L0rD1461,userperson1461@email.com,password
EdgyM3m3L0rD1462,userperson1462@email.com,password
EdgyM3m3L0rD1463,userperson1463@email.com,password
EdgyM3m3L0rD1464,userperson1464@email.com,password
EdgyM3m3L0rD1465,userperson1465@email.com,password
EdgyM3m3L0rD1466,userperson1466@email.com,password
EdgyM3m3L0rD1467,userperson1467@email.com,password
EdgyM3m3L0rD1468,userperson1468@email.com,password
EdgyM3m3L0rD1469,userperson1469@email.com,password
EdgyM3m3L0rD1470,userperson1470@email.com,password
EdgyM3m3L0rD1471,userperson1471@email.com,password
EdgyM3m3L0rD1472,userperson1472@email.com,password
EdgyM3m3L0rD1473,userperson1473@email.com,password
EdgyM3m3L0rD1474,userperson1474@email.com,password
EdgyM3m3L0rD1475,userperson1475@email.com,password
EdgyM3m3L0rD1476,userperson1476@email.com,password
EdgyM3m3L0rD1477,userperson1477@email.com,password
EdgyM3m3L0rD1478,userperson1478@email.com,password
EdgyM3m3L0rD1479,userperson1479@email.com,password
EdgyM3m3L0rD1480,userperson1480@email.com,password
EdgyM3m3L0rD1481,userperson1481@email.com,password
EdgyM3m3L0rD1482,userperson1482@email.com,password
EdgyM3m3L0rD1483,userperson1483@email.com,password
EdgyM3m3L0rD1484,userperson1484@email.com,password
EdgyM3m3L0rD1485,userperson1485@email.com,password
EdgyM3m3L0rD1486,userperson1486@email.com,password
EdgyM3m3L0rD1487,userperson1487@email.com,password
EdgyM3m3L0rD1488,userperson1488@email.com,password
EdgyM3m3L0rD1489,userperson1489@email.com,password
EdgyM3m3L0rD1490,userperson1490@email.com,password
EdgyM3m3L0rD1491,userperson1491@email.com,password
EdgyM3m3L0rD1492,userperson1492@email.com,password
EdgyM3m3L0rD1493,userperson1493@email.com,password
EdgyM3m3L0rD1494,userperson1494@email.com,password
EdgyM3m3L0rD1495,userperson1495@email.com,password
EdgyM3m3L0rD1496,userperson1496@email.com,password
EdgyM3m3L0rD1497,userperson1497@email.com,password
EdgyM3m3L0rD1498,userperson1498@email.com,password
EdgyM3m3L0rD1499,userperson1499@email.com,password
EdgyM3m3L0rD1500,userperson1500@email.com,password
EdgyM3m3L0rD1501,userperson1501@email.com,password
EdgyM3m3L0rD1502,userperson1502@email.com,password
EdgyM3m3L0rD1503,userperson1503@email.com,password
EdgyM3m3L0rD1504,userperson1504@email.com,password
EdgyM3m3L0rD1505,userperson1505@email.com,password
EdgyM3m3L0rD1506,userperson1506@email.com,password
EdgyM3m3L0rD1507,userperson1507@email.com,password
EdgyM3m3L0rD1508,userperson1508@email.com,password
EdgyM3m3L0rD1509,userperson1509@email.com,password
EdgyM3m3L0rD1510,userperson1510@email.com,password
EdgyM3m3L0rD1511,userperson1511@email.com,password
EdgyM3m3L0rD1512,userperson1512@email.com,password
EdgyM3m3L0rD1513,userperson1513@email.com,password
EdgyM3m3L0rD1514,userperson1514@email.com,password
EdgyM3m3L0rD1515,userperson1515@email.com,password
EdgyM3m3L0rD1516,userperson1516@email.com,password
EdgyM3m3L0rD1517,userperson1517@email.com,password
EdgyM3m3L0rD1518,userperson1518@email.com,password
EdgyM3m3L0rD1519,userperson1519@email.com,password
EdgyM3m3L0rD1520,userperson1520@email.com,password
EdgyM3m3L0rD1521,userperson1521@email.com,password
EdgyM3m3L0rD1522,userperson1522@email.com,password
EdgyM3m3L0rD1523,userperson1523@email.com,password
EdgyM3m3L0rD1524,userperson1524@email.com,password
EdgyM3m3L0rD1525,userperson1525@email.com,password
EdgyM3m3L0rD1526,userperson1526@email.com,password
EdgyM3m3L0rD1527,userperson1527@email.com,password
EdgyM3m3L0rD1528,userperson1528@email.com,password
EdgyM3m3L0rD1529,userperson1529@email.com,password
EdgyM3m3L0rD1530,userperson1530@email.com,password
EdgyM3m3L0rD1531,userperson1531@email.com,password
EdgyM3m3L0rD1532,userperson1532@email.com,password
EdgyM3m3L0rD1533,userperson1533@email.com,password
EdgyM3m3L0rD1534,userperson1534@email.com,password
EdgyM3m3L0rD1535,userperson1535@email.com,password
EdgyM3m3L0rD1536,userperson1536@email.com,password
EdgyM3m3L0rD1537,userperson1537@email.com,password
EdgyM3m3L0rD1538,userperson1538@email.com,password
EdgyM3m3L0rD1539,userperson1539@email.com,password
EdgyM3m3L0rD1540,userperson1540@email.com,password
EdgyM3m3L0rD1541,userperson1541@email.com,password
EdgyM3m3L0rD1542,userperson1542@email.com,password
EdgyM3m3L0rD1543,userperson1543@email.com,password
EdgyM3m3L0rD1544,userperson1544@email.com,password
EdgyM3m3L0rD1545,userperson1545@email.com,password
EdgyM3m3L0rD1546,userperson1546@email.com,password
EdgyM3m3L0rD1547,userperson1547@email.com,password
EdgyM3m3L0rD1548,userperson1548@email.com,password
EdgyM3m3L0rD1549,userperson1549@email.com,password
EdgyM3m3L0rD1550,userperson1550@email.com,password
EdgyM3m3L0rD1551,userperson1551@email.com,password
EdgyM3m3L0rD1552,userperson1552@email.com,password
EdgyM3m3L0rD1553,userperson1553@email.com,password
EdgyM3m3L0rD1554,userperson1554@email.com,password
EdgyM3m3L0rD1555,userperson1555@email.com,password
EdgyM3m3L0rD1556,userperson1556@email.com,password
EdgyM3m3L0rD1557,userperson1557@email.com,password
EdgyM3m3L0rD1558,userperson1558@email.com,password
EdgyM3m3L0rD1559,userperson1559@email.com,password
EdgyM3m3L0rD1560,userperson1560@email.com,password
EdgyM3m3L0rD1561,userperson1561@email.com,password
EdgyM3m3L0rD1562,userperson1562@email.com,password
EdgyM3m3L0rD1563,userperson1563@email.com,password
EdgyM3m3L0rD1564,userperson1564@email.com,password
EdgyM3m3L0rD1565,userperson1565@email.com,password
EdgyM3m3L0rD1566,userperson1566@email.com,password
EdgyM3m3L0rD1567,userperson1567@email.com,password
EdgyM3m3L0rD1568,userperson1568@email.com,password
EdgyM3m3L0rD1569,userperson1569@email.com,password
EdgyM3m3L0rD1570,userperson1570@email.com,password
EdgyM3m3L0rD1571,userperson1571@email.com,password
EdgyM3m3L0rD1572,userperson1572@email.com,password
EdgyM3m3L0rD1573,userperson1573@email.com,password
EdgyM3m3L0rD1574,userperson1574@email.com,password
EdgyM3m3L0rD1575,userperson1575@email.com,password
EdgyM3m3L0rD1576,userperson1576@email.com,password
EdgyM3m3L0rD1577,userperson1577@email.com,password
EdgyM3m3L0rD1578,userperson1578@email.com,password
EdgyM3m3L0rD1579,userperson1579@email.com,password
EdgyM3m3L0rD1580,userperson1580@email.com,password
EdgyM3m3L0rD1581,userperson1581@email.com,password
EdgyM3m3L0rD1582,userperson1582@email.com,password
EdgyM3m3L0rD1583,userperson1583@email.com,password
EdgyM3m3L0rD1584,userperson1584@email.com,password
EdgyM3m3L0rD1585,userperson1585@email.com,password
EdgyM3m3L0rD1586,userperson1586@email.com,password
EdgyM3m3L0rD1587,userperson1587@email.com,password
EdgyM3m3L0rD1588,userperson1588@email.com,password
EdgyM3m3L0rD1589,userperson1589@email.com,password
EdgyM3m3L0rD1590,userperson1590@email.com,password
EdgyM3m3L0rD1591,userperson1591@email.com,password
EdgyM3m3L0rD1592,userperson1592@email.com,password
EdgyM3m3L0rD1593,userperson1593@email.com,password
EdgyM3m3L0rD1594,userperson1594@email.com,password
EdgyM3m3L0rD1595,userperson1595@email.com,password
EdgyM3m3L0rD1596,userperson1596@email.com,password
EdgyM3m3L0rD1597,userperson1597@email.com,password
EdgyM3m3L0rD1598,userperson1598@email.com,password
EdgyM3m3L0rD1599,userperson1599@email.com,password
EdgyM3m3L0rD1600,userperson1600@email.com,password
EdgyM3m3L0rD1601,userperson1601@email.com,password
EdgyM3m3L0rD1602,userperson1602@email.com,password
EdgyM3m3L0rD1603,userperson1603@email.com,password
EdgyM3m3L0rD1604,userperson1604@email.com,password
EdgyM3m3L0rD1605,userperson1605@email.com,password
EdgyM3m3L0rD1606,userperson1606@email.com,password
EdgyM3m3L0rD1607,userperson1607@email.com,password
EdgyM3m3L0rD1608,userperson1608@email.com,password
EdgyM3m3L0rD1609,userperson1609@email.com,password
EdgyM3m3L0rD1610,userperson1610@email.com,password
EdgyM3m3L0rD1611,userperson1611@email.com,password
EdgyM3m3L0rD1612,userperson1612@email.com,password
EdgyM3m3L0rD1613,userperson1613@email.com,password
EdgyM3m3L0rD1614,userperson1614@email.com,password
EdgyM3m3L0rD1615,userperson1615@email.com,password
EdgyM3m3L0rD1616,userperson1616@email.com,password
EdgyM3m3L0rD1617,userperson1617@email.com,password
EdgyM3m3L0rD1618,userperson1618@email.com,password
EdgyM3m3L0rD1619,userperson1619@email.com,password
EdgyM3m3L0rD1620,userperson1620@email.com,password
EdgyM3m3L0rD1621,userperson1621@email.com,password
EdgyM3m3L0rD1622,userperson1622@email.com,password
EdgyM3m3L0rD1623,userperson1623@email.com,password
EdgyM3m3L0rD1624,userperson1624@email.com,password
EdgyM3m3L0rD1625,userperson1625@email.com,password
EdgyM3m3L0rD1626,userperson1626@email.com,password
EdgyM3m3L0rD1627,userperson1627@email.com,password
EdgyM3m3L0rD1628,userperson1628@email.com,password
EdgyM3m3L0rD1629,userperson1629@email.com,password
EdgyM3m3L0rD1630,userperson1630@email.com,password
EdgyM3m3L0rD1631,userperson1631@email.com,password
EdgyM3m3L0rD1632,userperson1632@email.com,password
EdgyM3m3L0rD1633,userperson1633@email.com,password
EdgyM3m3L0rD1634,userperson1634@email.com,password
EdgyM3m3L0rD1635,userperson1635@email.com,password
EdgyM3m3L0rD1636,userperson1636@email.com,password
EdgyM3m3L0rD1637,userperson1637@email.com,password
EdgyM3m3L0rD1638,userperson1638@email.com,password
EdgyM3m3L0rD1639,userperson1639@email.com,password
EdgyM3m3L0rD1640,userperson1640@email.com,password
EdgyM3m3L0rD1641,userperson1641@email.com,password
EdgyM3m3L0rD1642,userperson1642@email.com,password
EdgyM3m3L0rD1643,userperson1643@email.com,password
EdgyM3m3L0rD1644,userperson1644@email.com,password
EdgyM3m3L0rD1645,userperson1645@email.com,password
EdgyM3m3L0rD1646,userperson1646@email.com,password
EdgyM3m3L0rD1647,userperson1647@email.com,password
EdgyM3m3L0rD1648,userperson1648@email.com,password
EdgyM3m3L0rD1649,userperson1649@email.com,password
EdgyM3m3L0rD1650,userperson1650@email.com,password
EdgyM3m3L0rD1651,userperson1651@email.com,password
EdgyM3m3L0rD1652,userperson1652@email.com,password
EdgyM3m3L0rD1653,userperson1653@email.com,password
EdgyM3m3L0rD1654,userperson1654@email.com,password
EdgyM3m3L0rD1655,userperson1655@email.com,password
EdgyM3m3L0rD1656,userperson1656@email.com,password
EdgyM3m3L0rD1657,userperson1657@email.com,password
EdgyM3m3L0rD1658,userperson1658@email.com,password
EdgyM3m3L0rD1659,userperson1659@email.com,password
EdgyM3m3L0rD1660,userperson1660@email.com,password
EdgyM3m3L0rD1661,userperson1661@email.com,password
EdgyM3m3L0rD1662,userperson1662@email.com,password
EdgyM3m3L0rD1663,userperson1663@email.com,password
EdgyM3m3L0rD1664,userperson1664@email.com,password
EdgyM3m3L0rD1665,userperson1665@email.com,password
EdgyM3m3L0rD1666,userperson1666@email.com,password
EdgyM3m3L0rD1667,userperson1667@email.com,password
EdgyM3m3L0rD1668,userperson1668@email.com,password
EdgyM3m3L0rD1669,userperson1669@email.com,password
EdgyM3m3L0rD1670,userperson1670@email.com,password
EdgyM3m3L0rD1671,userperson1671@email.com,password
EdgyM3m3L0rD1672,userperson1672@email.com,password
EdgyM3m3L0rD1673,userperson1673@email.com,password
EdgyM3m3L0rD1674,userperson1674@email.com,password
EdgyM3m3L0rD1675,userperson1675@email.com,password
EdgyM3m3L0rD1676,userperson1676@email.com,password
EdgyM3m3L0rD1677,userperson1677@email.com,password
EdgyM3m3L0rD1678,userperson1678@email.com,password
EdgyM3m3L0rD1679,userperson1679@email.com,password
EdgyM3m3L0rD1680,userperson1680@email.com,password
EdgyM3m3L0rD1681,userperson1681@email.com,password
EdgyM3m3L0rD1682,userperson1682@email.com,password
EdgyM3m3L0rD1683,userperson1683@email.com,password
EdgyM3m3L0rD1684,userperson1684@email.com,password
EdgyM3m3L0rD1685,userperson1685@email.com,password
EdgyM3m3L0rD1686,userperson1686@email.com,password
EdgyM3m3L0rD1687,userperson1687@email.com,password
EdgyM3m3L0rD1688,userperson1688@email.com,password
EdgyM3m3L0rD1689,userperson1689@email.com,password
EdgyM3m3L0rD1690,userperson1690@email.com,password
EdgyM3m3L0rD1691,userperson1691@email.com,password
EdgyM3m3L0rD1692,userperson1692@email.com,password
EdgyM3m3L0rD1693,userperson1693@email.com,password
EdgyM3m3L0rD1694,userperson1694@email.com,password
EdgyM3m3L0rD1695,userperson1695@email.com,password
EdgyM3m3L0rD1696,userperson1696@email.com,password
EdgyM3m3L0rD1697,userperson1697@email.com,password
EdgyM3m3L0rD1698,userperson1698@email.com,password
EdgyM3m3L0rD1699,userperson1699@email.com,password
EdgyM3m3L0rD1700,userperson1700@email.com,password
EdgyM3m3L0rD1701,userperson1701@email.com,password
EdgyM3m3L0rD1702,userperson1702@email.com,password
EdgyM3m3L0rD1703,userperson1703@email.com,password
EdgyM3m3L0rD1704,userperson1704@email.com,password
EdgyM3m3L0rD1705,userperson1705@email.com,password
EdgyM3m3L0rD1706,userperson1706@email.com,password
EdgyM3m3L0rD1707,userperson1707@email.com,password
EdgyM3m3L0rD1708,userperson1708@email.com,password
EdgyM3m3L0rD1709,userperson1709@email.com,password
EdgyM3m3L0rD1710,userperson1710@email.com,password
EdgyM3m3L0rD1711,userperson1711@email.com,password
EdgyM3m3L0rD1712,userperson1712@email.com,password
EdgyM3m3L0rD1713,userperson1713@email.com,password
EdgyM3m3L0rD1714,userperson1714@email.com,password
EdgyM3m3L0rD1715,userperson1715@email.com,password
EdgyM3m3L0rD1716,userperson1716@email.com,password
EdgyM3m3L0rD1717,userperson1717@email.com,password
EdgyM3m3L0rD1718,userperson1718@email.com,password
EdgyM3m3L0rD1719,userperson1719@email.com,password
EdgyM3m3L0rD1720,userperson1720@email.com,password
EdgyM3m3L0rD1721,userperson1721@email.com,password
EdgyM3m3L0rD1722,userperson1722@email.com,password
EdgyM3m3L0rD1723,userperson1723@email.com,password
EdgyM3m3L0rD1724,userperson1724@email.com,password
EdgyM3m3L0rD1725,userperson1725@email.com,password
EdgyM3m3L0rD1726,userperson1726@email.com,password
EdgyM3m3L0rD1727,userperson1727@email.com,password
EdgyM3m3L0rD1728,userperson1728@email.com,password
EdgyM3m3L0rD1729,userperson1729@email.com,password
EdgyM3m3L0rD1730,userperson1730@email.com,password
EdgyM3m3L0rD1731,userperson1731@email.com,password
EdgyM3m3L0rD1732,userperson1732@email.com,password
EdgyM3m3L0rD1733,userperson1733@email.com,password
EdgyM3m3L0rD1734,userperson1734@email.com,password
EdgyM3m3L0rD1735,userperson1735@email.com,password
EdgyM3m3L0rD1736,userperson1736@email.com,password
EdgyM3m3L0rD1737,userperson1737@email.com,password
EdgyM3m3L0rD1738,userperson1738@email.com,password
EdgyM3m3L0rD1739,userperson1739@email.com,password
EdgyM3m3L0rD1740,userperson1740@email.com,password
EdgyM3m3L0rD1741,userperson1741@email.com,password
EdgyM3m3L0rD1742,userperson1742@email.com,password
EdgyM3m3L0rD1743,userperson1743@email.com,password
EdgyM3m3L0rD1744,userperson1744@email.com,password
EdgyM3m3L0rD1745,userperson1745@email.com,password
EdgyM3m3L0rD1746,userperson1746@email.com,password
EdgyM3m3L0rD1747,userperson1747@email.com,password
EdgyM3m3L0rD1748,userperson1748@email.com,password
EdgyM3m3L0rD1749,userperson1749@email.com,password
EdgyM3m3L0rD1750,userperson1750@email.com,password
EdgyM3m3L0rD1751,userperson1751@email.com,password
EdgyM3m3L0rD1752,userperson1752@email.com,password
EdgyM3m3L0rD1753,userperson1753@email.com,password
EdgyM3m3L0rD1754,userperson1754@email.com,password
EdgyM3m3L0rD1755,userperson1755@email.com,password
EdgyM3m3L0rD1756,userperson1756@email.com,password
EdgyM3m3L0rD1757,userperson1757@email.com,password
EdgyM3m3L0rD1758,userperson1758@email.com,password
EdgyM3m3L0rD1759,userperson1759@email.com,password
EdgyM3m3L0rD1760,userperson1760@email.com,password
EdgyM3m3L0rD1761,userperson1761@email.com,password
EdgyM3m3L0rD1762,userperson1762@email.com,password
EdgyM3m3L0rD1763,userperson1763@email.com,password
EdgyM3m3L0rD1764,userperson1764@email.com,password
EdgyM3m3L0rD1765,userperson1765@email.com,password
EdgyM3m3L0rD1766,userperson1766@email.com,password
EdgyM3m3L0rD1767,userperson1767@email.com,password
EdgyM3m3L0rD1768,userperson1768@email.com,password
EdgyM3m3L0rD1769,userperson1769@email.com,password
EdgyM3m3L0rD1770,userperson1770@email.com,password
EdgyM3m3L0rD1771,userperson1771@email.com,password
EdgyM3m3L0rD1772,userperson1772@email.com,password
EdgyM3m3L0rD1773,userperson1773@email.com,password
EdgyM3m3L0rD1774,userperson1774@email.com,password
EdgyM3m3L0rD1775,userperson1775@email.com,password
EdgyM3m3L0rD1776,userperson1776@email.com,password
EdgyM3m3L0rD1777,userperson1777@email.com,password
EdgyM3m3L0rD1778,userperson1778@email.com,password
EdgyM3m3L0rD1779,userperson1779@email.com,password
EdgyM3m3L0rD1780,userperson1780@email.com,password
EdgyM3m3L0rD1781,userperson1781@email.com,password
EdgyM3m3L0rD1782,userperson1782@email.com,password
EdgyM3m3L0rD1783,userperson1783@email.com,password
EdgyM3m3L0rD1784,userperson1784@email.com,password
EdgyM3m3L0rD1785,userperson1785@email.com,password
EdgyM3m3L0rD1786,userperson1786@email.com,password
EdgyM3m3L0rD1787,userperson1787@email.com,password
EdgyM3m3L0rD1788,userperson1788@email.com,password
EdgyM3m3L0rD1789,userperson1789@email.com,password
EdgyM3m3L0rD1790,userperson1790@email.com,password
EdgyM3m3L0rD1791,userperson1791@email.com,password
EdgyM3m3L0rD1792,userperson1792@email.com,password
EdgyM3m3L0rD1793,userperson1793@email.com,password
EdgyM3m3L0rD1794,userperson1794@email.com,password
EdgyM3m3L0rD1795,userperson1795@email.com,password
EdgyM3m3L0rD1796,userperson1796@email.com,password
EdgyM3m3L0rD1797,userperson1797@email.com,password
EdgyM3m3L0rD1798,userperson1798@email.com,password
EdgyM3m3L0rD1799,userperson1799@email.com,password
EdgyM3m3L0rD1800,userperson1800@email.com,password
EdgyM3m3L0rD1801,userperson1801@email.com,password
EdgyM3m3L0rD1802,userperson1802@email.com,password
EdgyM3m3L0rD1803,userperson1803@email.com,password
EdgyM3m3L0rD1804,userperson1804@email.com,password
EdgyM3m3L0rD1805,userperson1805@email.com,password
EdgyM3m3L0rD1806,userperson1806@email.com,password
EdgyM3m3L0rD1807,userperson1807@email.com,password
EdgyM3m3L0rD1808,userperson1808@email.com,password
EdgyM3m3L0rD1809,userperson1809@email.com,password
EdgyM3m3L0rD1810,userperson1810@email.com,password
EdgyM3m3L0rD1811,userperson1811@email.com,password
EdgyM3m3L0rD1812,userperson1812@email.com,password
EdgyM3m3L0rD1813,userperson1813@email.com,password
EdgyM3m3L0rD1814,userperson1814@email.com,password
EdgyM3m3L0rD1815,userperson1815@email.com,password
EdgyM3m3L0rD1816,userperson1816@email.com,password
EdgyM3m3L0rD1817,userperson1817@email.com,password
EdgyM3m3L0rD1818,userperson1818@email.com,password
EdgyM3m3L0rD1819,userperson1819@email.com,password
EdgyM3m3L0rD1820,userperson1820@email.com,password
EdgyM3m3L0rD1821,userperson1821@email.com,password
EdgyM3m3L0rD1822,userperson1822@email.com,password
EdgyM3m3L0rD1823,userperson1823@email.com,password
EdgyM3m3L0rD1824,userperson1824@email.com,password
EdgyM3m3L0rD1825,userperson1825@email.com,password
EdgyM3m3L0rD1826,userperson1826@email.com,password
EdgyM3m3L0rD1827,userperson1827@email.com,password
EdgyM3m3L0rD1828,userperson1828@email.com,password
EdgyM3m3L0rD1829,userperson1829@email.com,password
EdgyM3m3L0rD1830,userperson1830@email.com,password
EdgyM3m3L0rD1831,userperson1831@email.com,password
EdgyM3m3L0rD1832,userperson1832@email.com,password
EdgyM3m3L0rD1833,userperson1833@email.com,password
EdgyM3m3L0rD1834,userperson1834@email.com,password
EdgyM3m3L0rD1835,userperson1835@email.com,password
EdgyM3m3L0rD1836,userperson1836@email.com,password
EdgyM3m3L0rD1837,userperson1837@email.com,password
EdgyM3m3L0rD1838,userperson1838@email.com,password
EdgyM3m3L0rD1839,userperson1839@email.com,password
EdgyM3m3L0rD1840,userperson1840@email.com,password
EdgyM3m3L0rD1841,userperson1841@email.com,password
EdgyM3m3L0rD1842,userperson1842@email.com,password
EdgyM3m3L0rD1843,userperson1843@email.com,password
EdgyM3m3L0rD1844,userperson1844@email.com,password
EdgyM3m3L0rD1845,userperson1845@email.com,password
EdgyM3m3L0rD1846,userperson1846@email.com,password
EdgyM3m3L0rD1847,userperson1847@email.com,password
EdgyM3m3L0rD1848,userperson1848@email.com,password
EdgyM3m3L0rD1849,userperson1849@email.com,password
EdgyM3m3L0rD1850,userperson1850@email.com,password
EdgyM3m3L0rD1851,userperson1851@email.com,password
EdgyM3m3L0rD1852,userperson1852@email.com,password
EdgyM3m3L0rD1853,userperson1853@email.com,password
EdgyM3m3L0rD1854,userperson1854@email.com,password
EdgyM3m3L0rD1855,userperson1855@email.com,password
EdgyM3m3L0rD1856,userperson1856@email.com,password
EdgyM3m3L0rD1857,userperson1857@email.com,password
EdgyM3m3L0rD1858,userperson1858@email.com,password
EdgyM3m3L0rD1859,userperson1859@email.com,password
EdgyM3m3L0rD1860,userperson1860@email.com,password
EdgyM3m3L0rD1861,userperson1861@email.com,password
EdgyM3m3L0rD1862,userperson1862@email.com,password
EdgyM3m3L0rD1863,userperson1863@email.com,password
EdgyM3m3L0rD1864,userperson1864@email.com,password
EdgyM3m3L0rD1865,userperson1865@email.com,password
EdgyM3m3L0rD1866,userperson1866@email.com,password
EdgyM3m3L0rD1867,userperson1867@email.com,password
EdgyM3m3L0rD1868,userperson1868@email.com,password
EdgyM3m3L0rD1869,userperson1869@email.com,password
EdgyM3m3L0rD1870,userperson1870@email.com,password
EdgyM3m3L0rD1871,userperson1871@email.com,password
EdgyM3m3L0rD1872,userperson1872@email.com,password
EdgyM3m3L0rD1873,userperson1873@email.com,password
EdgyM3m3L0rD1874,userperson1874@email.com,password
EdgyM3m3L0rD1875,userperson1875@email.com,password
EdgyM3m3L0rD1876,userperson1876@email.com,password
EdgyM3m3L0rD1877,userperson1877@email.com,password
EdgyM3m3L0rD1878,userperson1878@email.com,password
EdgyM3m3L0rD1879,userperson1879@email.com,password
EdgyM3m3L0rD1880,userperson1880@email.com,password
EdgyM3m3L0rD1881,userperson1881@email.com,password
EdgyM3m3L0rD1882,userperson1882@email.com,password
EdgyM3m3L0rD1883,userperson1883@email.com,password
EdgyM3m3L0rD1884,userperson1884@email.com,password
EdgyM3m3L0rD1885,userperson1885@email.com,password
EdgyM3m3L0rD1886,userperson1886@email.com,password
EdgyM3m3L0rD1887,userperson1887@email.com,password
EdgyM3m3L0rD1888,userperson1888@email.com,password
EdgyM3m3L0rD1889,userperson1889@email.com,password
EdgyM3m3L0rD1890,userperson1890@email.com,password
EdgyM3m3L0rD1891,userperson1891@email.com,password
EdgyM3m3L0rD1892,userperson1892@email.com,password
EdgyM3m3L0rD1893,userperson1893@email.com,password
EdgyM3m3L0rD1894,userperson1894@email.com,password
EdgyM3m3L0rD1895,userperson1895@email.com,password
EdgyM3m3L0rD1896,userperson1896@email.com,password
EdgyM3m3L0rD1897,userperson1897@email.com,password
EdgyM3m3L0rD1898,userperson1898@email.com,password
EdgyM3m3L0rD1899,userperson1899@email.com,password
EdgyM3m3L0rD1900,userperson1900@email.com,password
EdgyM3m3L0rD1901,userperson1901@email.com,password
EdgyM3m3L0rD1902,userperson1902@email.com,password
EdgyM3m3L0rD1903,userperson1903@email.com,password
EdgyM3m3L0rD1904,userperson1904@email.com,password
EdgyM3m3L0rD1905,userperson1905@email.com,password
EdgyM3m3L0rD1906,userperson1906@email.com,password
EdgyM3m3L0rD1907,userperson1907@email.com,password
EdgyM3m3L0rD1908,userperson1908@email.com,password
EdgyM3m3L0rD1909,userperson1909@email.com,password
EdgyM3m3L0rD1910,userperson1910@email.com,password
EdgyM3m3L0rD1911,userperson1911@email.com,password
EdgyM3m3L0rD1912,userperson1912@email.com,password
EdgyM3m3L0rD1913,userperson1913@email.com,password
EdgyM3m3L0rD1914,userperson1914@email.com,password
EdgyM3m3L0rD1915,userperson1915@email.com,password
EdgyM3m3L0rD1916,userperson1916@email.com,password
EdgyM3m3L0rD1917,userperson1917@email.com,password
EdgyM3m3L0rD1918,userperson1918@email.com,password
EdgyM3m3L0rD1919,userperson1919@email.com,password
EdgyM3m3L0rD1920,userperson1920@email.com,password
EdgyM3m3L0rD1921,userperson1921@email.com,password
EdgyM3m3L0rD1922,userperson1922@email.com,password
EdgyM3m3L0rD1923,userperson1923@email.com,password
EdgyM3m3L0rD1924,userperson1924@email.com,password
EdgyM3m3L0rD1925,userperson1925@email.com,password
EdgyM3m3L0rD1926,userperson1926@email.com,password
EdgyM3m3L0rD1927,userperson1927@email.com,password
EdgyM3m3L0rD1928,userperson1928@email.com,password
EdgyM3m3L0rD1929,userperson1929@email.com,password
EdgyM3m3L0rD1930,userperson1930@email.com,password
EdgyM3m3L0rD1931,userperson1931@email.com,password
EdgyM3m3L0rD1932,userperson1932@email.com,password
EdgyM3m3L0rD1933,userperson1933@email.com,password
EdgyM3m3L0rD1934,userperson1934@email.com,password
EdgyM3m3L0rD1935,userperson1935@email.com,password
EdgyM3m3L0rD1936,userperson1936@email.com,password
EdgyM3m3L0rD1937,userperson1937@email.com,password
EdgyM3m3L0rD1938,userperson1938@email.com,password
EdgyM3m3L0rD1939,userperson1939@email.com,password
EdgyM3m3L0rD1940,userperson1940@email.com,password
EdgyM3m3L0rD1941,userperson1941@email.com,password
EdgyM3m3L0rD1942,userperson1942@email.com,password
EdgyM3m3L0rD1943,userperson1943@email.com,password
EdgyM3m3L0rD1944,userperson1944@email.com,password
EdgyM3m3L0rD1945,userperson1945@email.com,password
EdgyM3m3L0rD1946,userperson1946@email.com,password
EdgyM3m3L0rD1947,userperson1947@email.com,password
EdgyM3m3L0rD1948,userperson1948@email.com,password
EdgyM3m3L0rD1949,userperson1949@email.com,password
EdgyM3m3L0rD1950,userperson1950@email.com,password
EdgyM3m3L0rD1951,userperson1951@email.com,password
EdgyM3m3L0rD1952,userperson1952@email.com,password
EdgyM3m3L0rD1953,userperson1953@email.com,password
EdgyM3m3L0rD1954,userperson1954@email.com,password
EdgyM3m3L0rD1955,userperson1955@email.com,password
EdgyM3m3L0rD1956,userperson1956@email.com,password
EdgyM3m3L0rD1957,userperson1957@email.com,password
EdgyM3m3L0rD1958,userperson1958@email.com,password
EdgyM3m3L0rD1959,userperson1959@email.com,password
EdgyM3m3L0rD1960,userperson1960@email.com,password
EdgyM3m3L0rD1961,userperson1961@email.com,password
EdgyM3m3L0rD1962,userperson1962@email.com,password
EdgyM3m3L0rD1963,userperson1963@email.com,password
EdgyM3m3L0rD1964,userperson1964@email.com,password
EdgyM3m3L0rD1965,userperson1965@email.com,password
EdgyM3m3L0rD1966,userperson1966@email.com,password
EdgyM3m3L0rD1967,userperson1967@email.com,password
EdgyM3m3L0rD1968,userperson1968@email.com,password
EdgyM3m3L0rD1969,userperson1969@email.com,password
EdgyM3m3L0rD1970,userperson1970@email.com,password
EdgyM3m3L0rD1971,userperson1971@email.com,password
EdgyM3m3L0rD1972,userperson1972@email.com,password
EdgyM3m3L0rD1973,userperson1973@email.com,password
EdgyM3m3L0rD1974,userperson1974@email.com,password
EdgyM3m3L0rD1975,userperson1975@email.com,password
EdgyM3m3L0rD1976,userperson1976@email.com,password
EdgyM3m3L0rD1977,userperson1977@email.com,password
EdgyM3m3L0rD1978,userperson1978@email.com,password
EdgyM3m3L0rD1979,userperson1979@email.com,password
EdgyM3m3L0rD1980,userperson1980@email.com,password
EdgyM3m3L0rD1981,userperson1981@email.com,password
EdgyM3m3L0rD1982,userperson1982@email.com,password
EdgyM3m3L0rD1983,userperson1983@email.com,password
EdgyM3m3L0rD1984,userperson1984@email.com,password
EdgyM3m3L0rD1985,userperson1985@email.com,password
EdgyM3m3L0rD1986,userperson1986@email.com,password
EdgyM3m3L0rD1987,userperson1987@email.com,password
EdgyM3m3L0rD1988,userperson1988@email.com,password
EdgyM3m3L0rD1989,userperson1989@email.com,password
EdgyM3m3L0rD1990,userperson1990@email.com,password
EdgyM3m3L0rD1991,userperson1991@email.com,password
EdgyM3m3L0rD1992,userperson1992@email.com,password
EdgyM3m3L0rD1993,userperson1993@email.com,password
EdgyM3m3L0rD1994,userperson1994@email.com,password
EdgyM3m3L0rD1995,userperson1995@email.com,password
EdgyM3m3L0rD1996,userperson1996@email.com,password
EdgyM3m3L0rD1997,userperson1997@email.com,password
EdgyM3m3L0rD1998,userperson1998@email.com,password
EdgyM3m3L0rD1999,userperson1999@email.com,password
